"chr","start","end","motif","gene","region","top_case_zscore"
"chr4",41159498,41160379,"AAG","APBB2","intronic",205.17
"chr2",29830514,29831701,"AAG","ALK","intronic",128.39
"chr4",39347940,39348884,"AAAAG","RFC1","intronic",118.62
"chr7",108298700,108299458,"AAAGG","NRCAM","intronic",106.66
"chr17",74482147,74483127,"AAAG","CD300A","intronic",106.51
"chr22",24899946,24900736,"AAAG","SGSM1","intronic",101.75
"chr19",14774293,14775189,"AAAG","ADGRE2","exonic",83.48
"chr22",50243233,50243921,"AAG","TUBGCP6","exonic",79.84
"chr11",131788955,131790065,"AAG","NTM","intronic",77.02
"chr9",513525,514363,"AGGG","KANK1","intronic",72.68
"chr6",64294820,64295897,"AAG","EYS","intronic",66.1
"chr20",50665643,50666702,"AAAGG","RIPOR3","intronic",58.57
"chr17",39498325,39499612,"AAAG","CDK12","intronic",58.27
"chr8",69772004,69773414,"AAAGG","SLCO5A1","intronic",58.26
"chr2",49127065,49128215,"AAG","FSHR","intronic",58.02
"chr1",77887369,77888449,"AAG","NEXN-AS1","ncRNA_exonic",53.04
"chr3",111779680,111780853,"AAG","PHLDB2,PLCXD2","intronic",52.65
"chr4",140999426,141000420,"AAG","RNF150","intronic",50.75
"chr9",75138570,75139280,"AAAGAAGG","OSTF1","intronic",49.97
"chr2",48563854,48565100,"AAG","STON1,STON1-GTF2A1L","intronic",49.94
"chr1",2335266,2336019,"AGCCC","MORN1","intronic",49.09
"chrX",31284006,31284956,"AAG","DMD","intronic",48.33
"chr19",8130022,8131080,"AAAGG","FBN3","intronic",44.53
"chr6",36275441,36276362,"AAAG","PNPLA1","intronic",44.1
"chr3",121785556,121786501,"AAAAG","IQCB1","intronic",43.13
"chrX",17049519,17050599,"AAAG","REPS2","intronic",42.35
"chr9",75138514,75139338,"AAAG","OSTF1","intronic",42.31
"chr5",147764396,147765361,"AAAG","JAKMIP2","intronic",41.91
"chr19",54168416,54169078,"AAAAG","TMC4","exonic",40.78
"chr13",102161092,102161987,"AAG","FGF14","intronic",40.68
"chr1",69781253,69782168,"AAAG","LRRC7","intronic",40.14
"chr7",28109939,28110845,"AAAGG","JAZF1","intronic",39.39
"chr10",102994467,102995131,"AAGAGGGGGAGGAGGAGG","CNNM2","intronic",39.19
"chr3",31812262,31813176,"AAAG","OSBPL10","intronic",38.97
"chr7",132188505,132189350,"AAAGG","PLXNA4","intronic",37.92
"chr4",21714227,21715415,"AAAAT","KCNIP4","intronic",36.04
"chr19",54187405,54188466,"AAAG","MBOAT7","exonic",34.49
"chr12",128878871,128879846,"AAAG","GLT1D1","intronic",34.41
"chr2",162752446,162753417,"AAAAG","KCNH7","intronic",33.45
"chr11",99818682,99819630,"AGGGG","CNTN5","exonic",33.4
"chr15",57075310,57076202,"AAAG","TCF12","intronic",33.28
"chr4",139150618,139151673,"AAAG","ELF2","intronic",33.07
"chr4",139314312,139315316,"AACTG","NAA15","intronic",32.82
"chr17",49347964,49348970,"AAAAG","ZNF652","intronic",32.29
"chr7",108298599,108299368,"AAAG","NRCAM","intronic",31.33
"chr10",116731813,116732624,"AAAG","HSPA12A","intronic",31.24
"chr4",168296779,168297793,"AAAG","DDX60","intronic",31.2
"chr15",33335927,33336731,"AAAG","RYR3","intronic",30.87
"chr10",67301544,67302399,"AAAG","CTNNA3","intronic",30.41
"chr9",75138505,75138971,"AAGG","OSTF1","intronic",30.06
"chr7",121047138,121048148,"AAG","CPED1","intronic",30.03
"chr13",48459397,48460318,"AAAAG","RB1","exonic",29.87
"chr6",134231881,134232852,"AAAG","SGK1","intronic",29.86
"chr3",17062620,17063210,"AGGG","PLCL2","intronic",29.7
"chr4",186136561,186137172,"AG","FAM149A","intronic",29.37
"chr5",147764458,147765286,"AAAGAAAGAGAG","JAKMIP2","intronic",28.81
"chr21",36496530,36497870,"AGGG","CLDN14","intronic",28.29
"chr7",98139669,98140445,"AAAG","LMTK2","intronic",28.26
"chr15",33335812,33336713,"AAAGAAGG","RYR3","intronic",27.97
"chr17",74301359,74302543,"AAGG","DNAI2","intronic",27.95
"chr13",92384840,92385983,"ACATATATGCATATAT","GPC5","intronic",27.55
"chr2",130361096,130361660,"AAAG","PTPN18","intronic",26.93
"chr20",19662842,19663701,"AGG","SLC24A3","intronic",26.85
"chr6",159979790,159980554,"AAAG","IGF2R","intronic",26.24
"chr5",168754849,168755716,"AAAG","SLIT3","intronic",26.15
"chr19",33757521,33758114,"AG","CHST8","intronic",26.05
"chr18",55585708,55586527,"AGC","TCF4(NM_001348218:c.770_621delins0,NM_001348219:c.770_621delins0,NM_001369581:c.770_621delins0,NM_001369580:c.770_621delins0,NM_001348217:c.767_459delins0,NM_001348220:c.767_459delins0,NM_001306207:c.767_459delins0)","UTR5",25.9
"chr14",67408009,67408659,"AAAAT","PLEK2","intronic",25.46
"chr5",10356061,10356638,"AAAAT","MARCHF6","intronic",25.1
"chr12",102441432,102442357,"AAG","IGF1","intronic",24.89
"chr13",70139021,70139768,"AGC","ATXN8OS","ncRNA_exonic",24.54
"chr12",112323386,112324483,"AAAG","HECTD4","intronic",24.53
"chr11",375115,375601,"AAGGGAGGGAGGAGG","B4GALNT4","exonic",24.48
"chr5",9352592,9353675,"AAAGG","SEMA5A","intronic",24.43
"chr17",80664594,80665973,"AAAGG","RPTOR","intronic",24.41
"chr2",191963933,191964751,"AAAG","TMEFF2","intronic",24.31
"chr12",124295883,124296483,"AAAAG","RFLNA,ZNF664-RFLNA","intronic",24.05
"chr20",34200423,34201371,"AAAG","ASIP","intronic",23.59
"chr19",6814194,6815031,"AAAG","VAV1","intronic",23.54
"chr2",96196592,96197383,"AAACT","STARD7","intronic",23.44
"chr19",6479056,6479758,"ACACAGGG","DENND1C","exonic",23.15
"chr15",28968693,28969338,"AAAG","APBA2","intronic",22.94
"chr6",51989510,51990456,"AAGG","PKHD1","intronic",22.06
"chr17",42338431,42339066,"AATACTCCTGGACCTGAGGG","STAT3","exonic",21.87
"chr3",185800240,185800937,"AAAG","IGF2BP2","intronic",21.61
"chr4",98895729,98896487,"AAAAT","EIF4E","intronic",21.52
"chr20",50665653,50666568,"AAAAG","RIPOR3","intronic",21.45
"chr12",69891041,69891982,"AAAG","MYRFL","exonic",21.38
"chr17",66224108,66225125,"AAAGG","APOH","intronic",21.27
"chr19",7361530,7362513,"AAG","ARHGEF18","intronic",21.26
"chr10",38112366,38112948,"AAGAC","ZNF37A","intronic",21.07
"chr7",71592118,71592904,"AAAAT","GALNT17","intronic",21.02
"chr2",192036753,192037652,"AAAG","TMEFF2","intronic",21.01
"chrX",134763377,134764190,"AAAG","PLAC1","intronic",20.93
"chr17",57449666,57450687,"AAAG","MSI2","intronic",20.86
"chr19",54187905,54188212,"AAAGGAAG","MBOAT7","intronic",20.74
"chrX",54116965,54117632,"AAACT","FAM120C","intronic",20.23
"chr2",96196767,96197369,"AAAATAACATAACAT","STARD7","intronic",20.17
"chr13",48459474,48460324,"AAAG","RB1","exonic",19.99
"chr1",14883010,14883650,"AAAG","KAZN","intronic",19.96
"chr7",71679387,71681076,"AAGGGAGAGAGGGAGGGAGG","GALNT17","intronic",19.93
"chr1",21526690,21527235,"AAAAG","ALPL","intronic",19.88
"chr7",37846823,37848937,"AAG","NME8(NM_016616:c.-1670_-1425delins0)","UTR5",19.71
"chr5",78429473,78430587,"AAATAAATACTGTATTTAT","SCAMP1","intronic",19.69
"chr2",134380942,134381559,"AGAT","MGAT5","intronic",19.46
"chr21",42579033,42579938,"ACAGCCCTGCCCTCATCAG","SLC37A1","exonic",19.37
"chr21",44406604,44407189,"AGGG","TRPM2","exonic",19.37
"chr7",105170423,105171425,"AAAG","SRPK2","intronic",19.25
"chr5",177096298,177097523,"AGG","FGFR4","exonic",19.18
"chr19",54168932,54169172,"AAAGG","TMC4","intronic",18.9
"chr1",3582739,3584540,"AACGCGCAGCCACCAGAC","MEGF6","intronic",18.7
"chrX",72453162,72453845,"AAAG","HDAC8","intronic",18.61
"chr12",104543714,104544400,"AAAG","CHST11","intronic",18.5
"chr4",105561067,105561834,"AATGG","ARHGEF38-IT1","ncRNA_exonic",18.3
"chr8",27500815,27501692,"AAG","EPHX2","exonic",18.26
"chrX",9791830,9792417,"AAATAGAATAG","SHROOM2","intronic",18.23
"chr7",40376702,40377647,"AAAG","SUGCT","intronic",18.07
"chr3",101363889,101364493,"AAAG","SENP7","intronic",17.98
"chr16",15999441,16000068,"AAAAG","ABCC1","intronic",17.94
"chr6",132757557,132758383,"AAG","VNN2","exonic",17.92
"chr19",55931224,55932074,"AAAGAAAGACAG","NLRP13","exonic",17.72
"chr2",96658798,96659886,"AAAG","FER1L5","intronic",17.69
"chr10",95256667,95257246,"AAAGG","PDLIM1","intronic",17.69
"chr8",42766032,42766835,"AAAG","CHRNA6","intronic",17.55
"chr20",35615116,35615832,"AAAG","SPAG4(NM_003116:c.-175_-172delins0)","UTR5",17.28
"chr22",32424162,32425131,"AAG","BPIFC","intronic",17.21
"chr16",15999403,15999960,"AAAG","ABCC1","intronic",17.07
"chr5",118945318,118946259,"AAAG","DTWD2","intronic",17
"chr2",101785266,101786147,"AAAAG","MAP4K4","intronic",16.9
"chr17",17808112,17808596,"AAAAT","RAI1","intronic",16.89
"chr1",91840013,91840697,"AAAATCATGCACGATATTAC","TGFBR3","intronic",16.85
"chr11",93535411,93536090,"AGC","SMCO4","intronic",16.82
"chr2",101785400,101786113,"AAAG","MAP4K4","intronic",16.8
"chr13",100421591,100422318,"AAAG","PCCA","intronic",16.65
"chr6",132791691,132792660,"AAAG","SLC18B1","intronic",16.43
"chrX",123259837,123260683,"AAAG","GRIA3","intronic",16.41
"chr2",124859941,124861037,"AAGG","CNTNAP5","intronic",16.16
"chr7",80863371,80864263,"ACATATATATGTATC","SEMA3C","intronic",16.11
"chr2",197615803,197616497,"AAAAT","RFTN2","exonic",16.09
"chr22",38109666,38110658,"AG","BAIAP2L2","exonic",16
"chr19",54187673,54188302,"AAAGAGAG","MBOAT7","exonic",15.83
"chr8",120020819,120021322,"AAAAT","DEPTOR","intronic",15.72
"chr2",190880729,190881082,"AGC","GLS(NM_001256310:c.-264_-3delins0,NM_014905:c.-264_-3delins0)","UTR5",15.71
"chr19",37167209,37167950,"AAAAT","ZNF585A","intronic",15.68
"chr4",76608022,76609063,"AGCAT","SHROOM3","intronic",15.66
"chr16",66489938,66490726,"AAAAT","BEAN1","intronic",15.47
"chr10",34665430,34666096,"AACAGG","PARD3","intronic",15.47
"chr3",175697357,175698708,"ACACATACATATGT","NAALADL2","intronic",15.39
"chr18",53085581,53085887,"AAG","DCC","intronic",15.33
"chr12",3745337,3746090,"AAAAT","CRACR2A","intronic",15.29
"chr5",31836641,31837288,"AAAG","PDZD2","intronic",15.27
"chr18",68763319,68763981,"AAATATTCCTCAATACAGAC","CCDC102B","intronic",15.25
"chr11",60206001,60206770,"ACATATATATAT","MS4A4E","intronic",15.2
"chr3",123151317,123152530,"AAGGAAGGCAGGCAGG","PDIA5","intronic",15.16
"chr17",8107329,8108330,"AAAG","ALOXE3","intronic",15.1
"chr7",80863530,80864243,"ACATACATATGTATC","SEMA3C","intronic",15.1
"chr9",110701165,110702367,"AAAAT","MUSK","intronic",14.99
"chr4",72549460,72550492,"AAGGAG","ADAMTS3","intronic",14.97
"chr15",44108920,44109178,"AAAAT","FRMD5","intronic",14.91
"chr4",140999520,141000271,"AAGGAG","RNF150","intronic",14.84
"chr8",1841331,1842415,"AACTGGGGCCGCGGCGGG","ARHGEF10","intronic",14.78
"chr11",125492843,125493976,"AAAG","FEZ1","intronic",14.74
"chr16",20040724,20041409,"AGGAT","GPR139","intronic",14.74
"chr8",2099445,2100668,"AAGG","MYOM2","intronic",14.71
"chr12",103839902,103840674,"AGATG","NT5DC3","intronic",14.69
"chr20",13933770,13934793,"AATATATATATATGG","SEL1L2","intronic",14.6
"chr10",7566315,7567243,"AAGGAG","ITIH5","exonic",14.56
"chr8",96250219,96250756,"AAGAAGAGGAGG","MTERF3","intronic",14.41
"chrX",18480956,18481621,"AAAG","CDKL5","intronic",14.36
"chrX",18481039,18481547,"AAAGAAGG","CDKL5","intronic",14.2
"chr3",69324650,69325483,"AAAG","FRMD4B","intronic",14.19
"chr6",38041148,38041997,"AAG","ZFAND3","intronic",14.16
"chr12",129828695,129829163,"AGGG","TMEM132D","intronic",14.04
"chr6",51980741,51981415,"ACCTCT","PKHD1","intronic",14.01
"chrX",11590271,11591189,"AAAAG","ARHGAP6","intronic",14
"chr3",184712327,184713443,"AAGG","LOC107986163","ncRNA_exonic",13.97
"chr1",216050099,216050851,"AAAG","USH2A","intronic",13.96
"chr1",31217626,31218268,"AAAG","NKAIN1","intronic",13.88
"chr12",587770,588496,"AAGGGACGG","NINJ2","intronic",13.86
"chr16",27946602,27947044,"AG","GSG1L","intronic",13.86
"chr20",50665736,50666147,"AAGGG","RIPOR3","intronic",13.85
"chr2",208023856,208024541,"AAAAT","PLEKHM3","intronic",13.81
"chr3",49199954,49200807,"AAAG","IHO1","intronic",13.72
"chr3",76554865,76555701,"AAG","ROBO2","intronic",13.72
"chr17",10323417,10323947,"AAG","MYH13","intronic",13.69
"chr22",17876243,17878022,"AACCTCCATAACCTCCCT","MICAL3","intronic",13.68
"chr16",22818247,22819646,"AAGG","HS3ST2","intronic",13.54
"chr3",140251100,140252003,"AAAGG","CLSTN2","intronic",13.51
"chr20",8744321,8744896,"AAAAT","PLCB1","intronic",13.4
"chr5",55105612,55106531,"AAAAT","GZMA","exonic",13.33
"chr4",56183031,56183440,"AAAAT","CRACD","intronic",13.32
"chr9",6218107,6219505,"AACATATATATATATGGAG","IL33","intronic",13.3
"chr17",2114588,2115191,"AAAAT","SMG6","intronic",13.18
"chr1",98045691,98046624,"ACCGCTGCCGCTGCT","MIR137,MIR137HG","ncRNA_exonic",13.15
"chrX",12052912,12053701,"AAAG","FRMPD4","intronic",13.06
"chr2",32110336,32110764,"ACATAGTATAGTAT","SPAST","intronic",13.03
"chr2",1516866,1518265,"AAGGTGAGAGGCAGCAGC","TPO","exonic",12.99
"chr5",113333279,113334173,"ACATATATACATATATGT","MCC","intronic",12.98
"chr7",108298764,108299411,"AAAGAAGG","NRCAM","intronic",12.94
"chr5",42575627,42576374,"AAAAT","GHR","intronic",12.9
"chr17",51831207,51832099,"AGC","CA10","intronic",12.9
"chr12",3745520,3746034,"AATGG","CRACR2A","intronic",12.88
"chr6",149633953,149634163,"ACCAT","KATNA1","intronic",12.85
"chr1",42221587,42222472,"AAGGAG","FOXJ3","intronic",12.83
"chr21",21433347,21434041,"AAAAT","NCAM2","intronic",12.78
"chr4",156825152,156825885,"AAGGAG","PDGFC","intronic",12.73
"chr4",139314652,139315482,"AACCT","NAA15","intronic",12.71
"chr4",4411304,4412088,"AAAAC","NSG1","intronic",12.69
"chr12",26515642,26516789,"AAAGG","ITPR2","intronic",12.67
"chr16",3197216,3198657,"AGAGGG","OR1F1","intronic",12.65
"chr1",154125387,154126131,"AAGG","NUP210L","intronic",12.63
"chr14",91205227,91206045,"AAG","DGLUCY","intronic",12.6
"chr4",159342098,159342813,"AAAAT","RAPGEF2","intronic",12.53
"chr3",36879280,36880411,"AAACATACAAATATATGT","TRANK1","intronic",12.49
"chr8",2973213,2974527,"ACCACCATCCTCT","CSMD1","exonic",12.48
"chr15",89662965,89664429,"AACTGACTCTGTGGCCCTGG","PLIN1(NM_001145311:c.*1213_*1154delins0,NM_002666:c.*1213_*1154delins0)","UTR3",12.43
"chrX",19451570,19452708,"AAGAG","MAP3K15","intronic",12.4
"chr6",46563769,46564431,"AAAAT","CYP39A1","intronic",12.36
"chr19",7361646,7362477,"AAGGAGGAG","ARHGEF18","intronic",12.33
"chr6",64295465,64295753,"AAGAAGGAGG","EYS","intronic",12.26
"chr12",112677977,112678616,"AAAGAAAGAGAG","RPH3A","intronic",12.2
"chr18",75011730,75012816,"ACACATAGTGTATGT","ZNF407","intronic",12.13
"chr7",138621263,138622668,"ACATAGATAGATAGAT","SVOPL","intronic",12.13
"chr11",108408285,108408848,"AAAATAAAATAACAT","C11orf65","intronic",12.12
"chr1",151430427,151430985,"AAAAT","POGZ","exonic",12.11
"chr2",136889757,136890823,"AAG","THSD7B","intronic",12.03
"chr2",48564048,48564955,"AAGGAG","STON1,STON1-GTF2A1L","intronic",12
"chr2",10806228,10806861,"AAAG","PDIA6","intronic",11.93
"chr6",159979840,159980445,"AAAGAAGG","IGF2R","intronic",11.89
"chr18",69611910,69612880,"ACACATGCGCCCTCGC","DOK6","intronic",11.89
"chr9",108899969,108901410,"ACACACACATACACGCC","ELP1","exonic",11.87
"chr14",23280168,23281221,"AAAAT","HOMEZ","intronic",11.85
"chr17",66797523,66800110,"ACC","PRKCA","intronic",11.85
"chr1",242392465,242394821,"ACACATATATAT","PLD5","intronic",11.82
"chr8",2623037,2623567,"ACAGCGCTGAGGCGCCAGG","LOC101927815","ncRNA_exonic",11.82
"chr7",2812229,2812986,"ACATC","GNA12","intronic",11.8
"chr3",129172285,129172846,"AGGC","CNBP","intronic",11.76
"chr9",24545873,24546917,"AAAAG","IZUMO3(NM_001365008:c.248_224delins0)","UTR5",11.75
"chr4",81466515,81467000,"AAAG","RASGEF1B","intronic",11.7
"chr5",9426046,9426680,"AAAAT","SEMA5A","intronic",11.65
"chrX",30662302,30663249,"AAAG","GK","intronic",11.65
"chr3",57040482,57040760,"AAGAC","ARHGEF3","intronic",11.65
"chr16",88953780,88956476,"AAGGCTCCTGACCCCACCC","LOC100129697","ncRNA_exonic",11.57
"chr10",97678349,97679323,"AC","AVPI1","intronic",11.55
"chr10",478375,478767,"AGAGGGGCGGGGCGG","DIP2C","intronic",11.55
"chr15",52231838,52232592,"AAGGAAGGAAGGAGAG","MYO5C","intronic",11.5
"chr5",121961183,121962256,"AC","SRFBP1","exonic",11.5
"chr19",8542853,8544583,"ACC","MYO1F","exonic",11.46
"chr16",55325016,55325893,"AAAG","IRX6","exonic",11.44
"chr19",872707,873604,"ACCTCGGAGCCCTCCCCC","MED16","exonic",11.43
"chr19",55931356,55932035,"AAAGAAAGAAAGACAG","NLRP13","exonic",11.41
"chr19",55712959,55713245,"AAGGGGGAGGGAGGAGG","NLRP9","intronic",11.36
"chr4",156825122,156826014,"AAG","PDGFC","intronic",11.34
"chr18",79327011,79328813,"AACCACGGAGAGCACGCT","ATP9B","intronic",11.33
"chr15",52231810,52232559,"AAAGAAGGAAGGAGAG","MYO5C","intronic",11.32
"chr4",83001408,83002224,"AAAGG","LIN54","intronic",11.31
"chr17",81056252,81057445,"AAAAACGCAACAGCAG","BAIAP2","exonic",11.28
"chrX",9791640,9792292,"ACTCT","SHROOM2","intronic",11.28
"chr15",78631690,78632538,"AAAG","CHRNB4","intronic",11.27
"chr8",1470127,1471801,"AAAGGCTGGAGGGGTCGGG","DLGAP2","intronic",11.27
"chr1",113437311,113438348,"AAGGAG","MAGI3","intronic",11.23
"chr1",3582791,3583250,"AACGCACAGCCACCAGAC","MEGF6","intronic",11.22
"chr10",96415086,96416193,"AG","TLL2","intronic",11.22
"chr3",58537003,58537565,"AAGCCCTTGTCTGCTCTC","ACOX2(NM_003500:c.2084_2013delins0)","UTR5",11.18
"chr19",57137035,57138490,"AAGG","ZIM3","exonic",11.18
"chr13",75663155,75663584,"AAAG","LMO7","intronic",11.17
"chr7",140705513,140706348,"AACAT","NDUFB2","intronic",11.1
"chr3",186299275,186300172,"AAAG","DGKG","intronic",11.07
"chr12",79293052,79293628,"AAAAT","SYT1","intronic",11.03
"chr12",7147693,7148499,"AAAG","CLSTN3","intronic",11
"chr15",22963113,22963739,"AACAT","CYFIP1","intronic",10.95
"chr18",65781285,65782521,"AAAG","CDH7","intronic",10.93
"chr9",130175625,130176358,"AAAG","NCS1","intronic",10.87
"chr2",96196749,96197292,"AAAAT","STARD7","intronic",10.86
"chr2",240622563,240624004,"AAACAGGTCGTGAGGGCGC","GPR35","intronic",10.86
"chr19",13413401,13414240,"AAAAG","CACNA1A","intronic",10.85
"chr4",72549552,72550564,"AAG","ADAMTS3","intronic",10.85
"chr18",76356831,76357853,"ACCCAGCGGAGAGTGGCGT","ZNF516(NM_014643:c.*4816_*4645delins0)","UTR3",10.84
"chr1",41544231,41546112,"ACC","HIVEP3","intronic",10.82
"chr5",177096355,177097505,"AAGAGGAGGAGGAGG","FGFR4","exonic",10.81
"chr2",10398471,10400012,"ACC","HPCAL1","intronic",10.79
"chr17",80743221,80745401,"AACCAGGGCTGTGCTAGT","RPTOR","intronic",10.77
"chr12",64286811,64287327,"AAG","C12orf56","intronic",10.74
"chrX",12193272,12194230,"AAAG","FRMPD4","intronic",10.7
"chr1",91839845,91841033,"AAAATCATGCATGATATTAC","TGFBR3","intronic",10.69
"chr10",38112185,38113308,"AAGACC","ZNF37A","intronic",10.66
"chr5",81992909,81993790,"AAAAG","ATG10","intronic",10.64
"chr20",63256789,63258107,"ACAGCGGAGGACAGTGATGG","FLJ16779","ncRNA_exonic",10.63
"chrX",19452363,19452666,"AAGGG","MAP3K15","intronic",10.61
"chr11",119647598,119648868,"ACC","NECTIN1","intronic",10.61
"chr3",122539005,122539874,"AAAG","PARP9","intronic",10.59
"chr6",159979987,159980545,"AAGG","IGF2R","intronic",10.56
"chr17",74482340,74482834,"AAAGAGAG","CD300A","intronic",10.52
"chr10",70688894,70689169,"ACCTCT","ADAMTS14","intronic",10.5
"chr14",99927298,99928725,"ACC","EML1","intronic",10.49
"chr2",157553682,157554574,"AAAG","ACVR1C","intronic",10.48
"chr20",2842495,2843181,"ACATCTATCTATCGATAGAT","VPS16","intronic",10.47
"chr17",9480703,9481099,"AAAG","STX8","intronic",10.44
"chr3",189311582,189312647,"AAAG","TPRG1","intronic",10.43
"chr2",212002504,212003475,"AAAG","ERBB4","intronic",10.42
"chr10",12827091,12827987,"AAAG","CAMK1D","intronic",10.38
"chr8",96250102,96251131,"AAG","MTERF3","exonic",10.35
"chr6",56811849,56812317,"AAAAG","DST","intronic",10.32
"chr13",114029827,114030894,"AAGACTCACACAGAGGGC","RASA3","exonic",10.3
"chr22",35388872,35389737,"AAAG","HMOX1","intronic",10.27
"chr19",2200274,2202057,"AATGCGGGGAGGACGAGG","DOT1L","intronic",10.27
"chr19",15930620,15932452,"AATGAGTGAGTGAGGAGAGG","CYP4F11","intronic",10.24
"chr2",135116945,135118026,"AAG","RAB3GAP1","intronic",10.2
"chr1",75318188,75318676,"AAAG","SLC44A5","intronic",10.17
"chr10",95256676,95257299,"AAAAG","PDLIM1","intronic",10.13
"chr1",64238532,64239458,"AAG","UBE2U","intronic",10.13
"chr5",168754891,168755322,"AG","SLIT3","intronic",10.1
"chr2",36966451,36967309,"AC","STRN","exonic",10.09
"chr5",78429622,78430531,"AAATAAATACAGTATTTAT","SCAMP1","intronic",10.08
"chr6",115958149,115959209,"AAAG","FRK","intronic",10.07
"chr11",64236735,64237382,"AG","VEGFB","exonic",10.06
"chr13",29388933,29389647,"ACACACACACGTGTATACAT","MTUS2","intronic",10.04
"chr3",57039919,57040916,"AAAGG","ARHGEF3","intronic",10.02
"chr7",87625908,87627315,"ACACATATATATG","ABCB1","intronic",9.97
"chr14",63429999,63430761,"ACATACATACATACATGCAT","PPP2R5E","intronic",9.97
"chr11",114393740,114394611,"AAAAG","C11orf71","intronic",9.95
"chr6",45203794,45204384,"AAGGAG","SUPT3H","intronic",9.94
"chr11",108408371,108409080,"AAAAC","C11orf65","intronic",9.91
"chr3",57040134,57040629,"AAAAG","ARHGEF3","intronic",9.87
"chr2",216354570,216355298,"AAAG","MARCHF4","intronic",9.87
"chr5",78460370,78461176,"AAAG","SCAMP1","intronic",9.87
"chr20",33544541,33545284,"AACAG","CBFA2T2","intronic",9.87
"chr4",101105929,101106807,"AAAG","PPP3CA","intronic",9.85
"chr17",6590518,6591337,"AAGAAGAAGG","KIAA0753","exonic",9.83
"chr9",399633,401265,"ACC","DOCK8","intronic",9.82
"chr2",221566177,221567440,"AAG","EPHA4","intronic",9.8
"chr17",842668,843282,"AAAG","NXN","intronic",9.79
"chr2",162752658,162753259,"AAAGG","KCNH7","intronic",9.79
"chr4",139314493,139315342,"AAACT","NAA15","intronic",9.78
"chr9",76351057,76351737,"AAAG","PCSK5","intronic",9.74
"chr17",75558121,75559486,"ACCCCGCCTCCTCCATCCGC","LLGL2","exonic",9.74
"chr11",48049152,48049903,"AAAAC","PTPRJ","intronic",9.73
"chr11",76717941,76719357,"ACATAT","GUCY2EP","ncRNA_exonic",9.73
"chr2",233462766,233464041,"ACGCATCTCCTCGCTCC","DGKD","intronic",9.73
"chr3",193362191,193363278,"AAAGAAAGAGAG","ATP13A5","exonic",9.71
"chrX",54117139,54117496,"AAAAT","FAM120C","intronic",9.66
"chr12",99139061,99139787,"AAAG","ANKS1B","intronic",9.66
"chr9",131420013,131420632,"AAAGAGAG","PRRC2B","intronic",9.63
"chr6",87407960,87408993,"ACACAGATCCGGAGCGCGC","CFAP206(NM_001031743:c.-1868_-1751delins0)","UTR5",9.62
"chr16",4804643,4805083,"AC","GLYR1(NM_001324096:c.*593_*153delins0,NM_001324098:c.*593_*153delins0,NM_001308096:c.*593_*153delins0,NM_032569:c.*593_*153delins0,NM_001324097:c.*593_*153delins0)","UTR3",9.61
"chr1",39664012,39664468,"AGAGG","NT5C1A","intronic",9.6
"chr7",111142203,111142565,"AG","IMMP2L","intronic",9.59
"chr22",37703965,37704660,"AACAG","TRIOBP","intronic",9.58
"chr19",4247097,4248015,"AC","YJU2","exonic",9.56
"chr18",76356895,76357869,"ACCCAGCGCAGAGTGGCGC","ZNF516(NM_014643:c.*4816_*4629delins0)","UTR3",9.56
"chr19",15173253,15174144,"AAG","NOTCH3","exonic",9.51
"chr22",46648060,46649403,"ATCC","GRAMD4","intronic",9.48
"chr3",194644979,194646091,"AC","LSG1","intronic",9.46
"chr12",44311220,44312118,"ACACATATATACATATAT","TMEM117","intronic",9.45
"chrX",1313791,1315272,"AACCGCACTGCACCTGCCC","CSF2RA","intronic",9.43
"chr12",79639515,79639947,"AATGG","PAWR","intronic",9.43
"chr5",54028767,54029732,"ACC","ARL15","intronic",9.43
"chr9",131419885,131420817,"AAAG","PRRC2B","intronic",9.41
"chr12",65396118,65397138,"AAAG","MSRB3","intronic",9.39
"chr1",2124324,2124742,"AACCACCGCCACGACCCT","PRKCZ","intronic",9.39
"chr6",160152241,160152960,"AAAG","SLC22A1","intronic",9.38
"chr4",48659930,48660139,"AAG","FRYL","intronic",9.38
"chr11",17552154,17553004,"ACACAGGACAGGTGGGAG","OTOG","intronic",9.37
"chr13",48459606,48460270,"AAAGGAAG","RB1","exonic",9.3
"chr19",15931082,15931487,"AAGAATGAGTGAGTGAGGAG","CYP4F11","intronic",9.3
"chr8",39994685,39995425,"AAGGAG","IDO2","intronic",9.27
"chr12",3745477,3746037,"AAATG","CRACR2A","intronic",9.26
"chr6",42262169,42262867,"AG","TRERF1","intronic",9.26
"chrX",52990416,52991084,"AAAAG","FAM156A","intronic",9.24
"chr16",377629,378978,"ACCCGCACTGCCATCGCC","PGAP6","exonic",9.24
"chr10",132975835,132976955,"AATATATTCCACGTGTATC","LINC01168","ncRNA_exonic",9.23
"chr7",242456,244198,"ACAGGTCTCCCGGGTGGC","FAM20C","intronic",9.22
"chr18",77252294,77253484,"ACC","GALR1","intronic",9.22
"chr10",46218008,46219581,"ACCATCCTCAGCTCACCCC","ANTXRLP1","ncRNA_exonic",9.22
"chr4",39348003,39348579,"AAAGG","RFC1","intronic",9.2
"chr18",626403,627347,"AAAG","CLUL1","exonic",9.18
"chr1",1287712,1288453,"ACACGGGACGGAGCAGAG","SCNN1D","exonic",9.11
"chr15",89662931,89664596,"ACAGAGTCAGTGCCAGGGCC","PLIN1(NM_001145311:c.*1213_*987delins0,NM_002666:c.*1213_*987delins0)","UTR3",9.11
"chr19",18902419,18902939,"AAAAAGGAAAGG","COPE","intronic",9.1
"chr16",84478774,84480269,"AATGCCAGCGGAATTCCCT","MEAK7","exonic",9.06
"chr4",5705749,5706808,"AGAT","EVC2","intronic",9.06
"chr6",2693948,2694920,"ACC","MYLK4","intronic",9.03
"chr4",48084330,48085249,"AACTGGACCCATTCTCGATT","TXK","intronic",9.01
"chr6",149633978,149634610,"AAAAT","KATNA1","intronic",9
"chr1",216050123,216050770,"AAAGG","USH2A","intronic",8.97
"chr18",5566362,5567141,"AATGG","EPB41L3","intronic",8.97
"chr19",55849193,55850042,"AAATTACACCGCGGCCACGG","NLRP4","intronic",8.95
"chr1",115761002,115761967,"AAG","CASQ2","intronic",8.95
"chr4",153243765,153244774,"AAG","TRIM2","intronic",8.94
"chr17",32275853,32277353,"AAGGTGCTAGGGCCGGAGT","RHBDL3","intronic",8.94
"chr17",80743101,80745297,"ACAGCCCTGGCTACTAGC","RPTOR","intronic",8.94
"chr1",228173412,228174992,"ACAGCGAGCCACGCCC","IBA57","exonic",8.89
"chr19",33218269,33219072,"AAAG","SLC7A10","intronic",8.84
"chr17",241553,244308,"AAGGTAGTCAATAGAGG","RPH3AL","intronic",8.83
"chr2",124712883,124713561,"AAAG","CNTNAP5","intronic",8.82
"chr6",158491112,158491340,"AAGG","TULP4","intronic",8.82
"chr12",112712368,112713303,"AAG","RPH3A","intronic",8.8
"chr12",51676792,51676993,"AAAAT","SCN8A","intronic",8.78
"chr15",50563868,50564291,"AACAT","TRPM7","intronic",8.78
"chr1",2123852,2124637,"AACCACCGCCGTGACCCT","PRKCZ","intronic",8.78
"chr10",656601,658868,"ACCTGCCCCTGG","DIP2C","intronic",8.78
"chr12",116800444,116801139,"AAAAT","RNFT2","intronic",8.75
"chr19",55851628,55852054,"AACGTCCGTGGCTGCGGTGT","NLRP4","splicing",8.75
"chr9",134905166,134906333,"AAG","FCN1(NM_002003:c.*4632_*3465delins0)","UTR3",8.72
"chr1",6025306,6026329,"ACACAGCCGATCCCGGC","KCNAB2","intronic",8.72
"chr5",180112240,180114239,"ACCGGGGATGGACGGAGGG","RASGEF1C","intronic",8.72
"chr11",12330403,12331163,"AG","MICALCL","intronic",8.69
"chr19",33756923,33757950,"AAAG","CHST8","intronic",8.66
"chr7",27139739,27140235,"AG","HOXA3","splicing",8.66
"chr4",56182814,56183511,"AAAAG","CRACD","intronic",8.65
"chr15",89324465,89325609,"ACTC","POLG","exonic",8.62
"chr11",63112788,63113540,"ACACATATATAT","SLC22A24","intronic",8.61
"chr19",18902395,18903072,"AAAG","COPE","intronic",8.6
"chr3",36879261,36880552,"AAATATACAAATATATGT","TRANK1","intronic",8.55
"chr13",96304332,96304928,"AAAG","HS6ST3","intronic",8.54
"chr16",89634117,89635854,"AAAGGAGAAGGAAGGG","DPEP1","intronic",8.52
"chr13",114030162,114030858,"AAGACTCACACAGAGAGC","RASA3","intronic",8.51
"chr1",64238640,64239356,"AAGGAG","UBE2U","intronic",8.48
"chr10",531988,533279,"ACACCCATACTCTCTCTC","DIP2C","intronic",8.46
"chr2",233462782,233464503,"ACGCATCTCCTCACTCC","DGKD","exonic",8.46
"chr8",124619471,124620093,"AAAAG","MTSS1","intronic",8.45
"chr2",141543830,141544680,"AAG","LRP1B","intronic",8.44
"chrX",101493609,101494526,"AGCCCC","ARMCX4","exonic",8.43
"chr7",149803995,149804897,"AATGGGACGAGGTGGGC","SSPOP","ncRNA_exonic",8.41
"chr3",72430593,72431538,"AAAG","RYBP","intronic",8.39
"chr10",75671926,75672474,"AAGGG","LRMDA","intronic",8.39
"chr7",108298786,108299371,"AAAAG","NRCAM","intronic",8.38
"chr7",137605090,137605621,"AAAAT","DGKI","intronic",8.38
"chr7",158648000,158649312,"AAATGGACCACAACCACGCC","NCAPG2","intronic",8.38
"chrX",46737785,46738254,"AAAG","SLC9A7","intronic",8.36
"chr19",2990245,2990863,"AAATATATACAT","TLE6","intronic",8.36
"chr19",15930987,15932393,"AATGAGTGAGCGAGGAGAGG","CYP4F11","intronic",8.36
"chr20",32488370,32488966,"AAAG","NOL4L","intronic",8.35
"chr1",216354698,216355818,"AAAG","USH2A","intronic",8.34
"chr4",109849926,109850849,"AAAG","LRIT3","intronic",8.31
"chr2",60466487,60468516,"ACC","BCL11A","intronic",8.31
"chr10",477322,477768,"AAGGTGGATGGGGAGG","DIP2C","intronic",8.3
"chr1",64913284,64913930,"AAAGAAGGAAGGAAGGAAGG","JAK1","intronic",8.29
"chr9",101077302,101078478,"AAG","PLPPR1","intronic",8.29
"chr5",172153080,172153469,"AAAGG","STK10","intronic",8.28
"chr18",57794449,57794971,"AAAG","ATP8B1","intronic",8.27
"chr4",5705920,5706740,"ACATAGATAGATAGATAGAT","EVC2","intronic",8.26
"chr3",175697563,175698408,"ACACATATATATGT","NAALADL2","intronic",8.24
"chr17",41729671,41730346,"AAAG","HAP1","intronic",8.22
"chr19",54095734,54097072,"AGAGAGAGAGGGAGGC","OSCAR","exonic",8.22
"chr14",79256743,79258099,"ACC","NRXN3","intronic",8.16
"chr3",136701842,136702362,"AG","STAG1","intronic",8.16
"chr4",48658981,48660207,"AAGAGGGAGAAGGAG","FRYL","intronic",8.14
"chr1",57694765,57695790,"AAAG","DAB1","intronic",8.13
"chr9",19635870,19636707,"AAAGG","SLC24A2","intronic",8.1
"chr7",132131995,132132740,"AACAG","PLXNA4","intronic",8.1
"chr12",102441579,102442102,"AAGGAG","IGF1","intronic",8.1
"chr20",50093654,50094611,"AATATATAATGCATTATAT","PEDS1-UBE2V1,UBE2V1","intronic",8.1
"chr12",127283417,127284307,"AAAGAAGGAAGGAAGGAAGG","LINC02376","ncRNA_exonic",8.09
"chr5",147837174,147837986,"AAAG","SPINK1","intronic",8.04
"chr7",86794896,86795513,"AAAAT","GRM3","intronic",8.03
"chr15",71577352,71577820,"AAAAT","THSD4","intronic",8.02
"chr1",31430828,31432810,"ACCCTATCC","SERINC2","intronic",8.02
"chr17",83247176,83247268,"AGCCCT","RPL23AP87(dist=6372),NONE(dist=NONE)","intergenic",805.54
"chr17",45176416,45177283,"AAAGG","LOC105371795(dist=4931),LOC339192(dist=13648)","intergenic",189.08
"chr19",1692232,1693076,"AAAG","TCF3(dist=39617),ONECUT3(dist=60430)","intergenic",185.41
"chr13",55700329,55701341,"AAG","MIR5007(dist=525781),PRR20B(dist=1439577)","intergenic",144.78
"chr3",7804588,7805701,"AAAG","GRM7(dist=63055),LOC101927394(dist=147104)","intergenic",110.95
"chr22",34810847,34811592,"AAAG","LINC02885","ncRNA_intronic",100.95
"chr19",8184784,8185411,"AAAGG","FBN3(dist=35192),CERS4(dist=23959)","intergenic",97
"chr3",35980306,35981032,"AAAG","ARPP21(dist=185810),STAC(dist=399455)","intergenic",95.45
"chr3",13449616,13450294,"AAAGG","NUP210(dist=29294),HDAC11-AS1(dist=26694)","intergenic",90.2
"chr18",26726667,26727350,"AAAG","PCAT18(dist=23029),AQP4(dist=124688)","intergenic",88.72
"chr2",172237292,172238323,"AAG","DLX2-DT(dist=127310),ITGA6(dist=189013)","intergenic",84.58
"chr17",45176334,45177494,"AAAG","LOC105371795(dist=4849),LOC339192(dist=13437)","intergenic",81.96
"chr2",60388412,60389735,"AAAGG","MIR4432HG","ncRNA_intronic",78.5
"chr4",137322245,137323132,"AAG","LINC02511(dist=109446),PCDH18(dist=195788)","intergenic",75.05
"chr6",168839548,168841499,"ACCGCGTCCTCATCAGC","SMOC2(dist=171556),LOC105378146(dist=86242)","intergenic",74.99
"chr6",103204715,103206032,"AAG","GRIK2(dist=1134632),HACE1(dist=1522062)","intergenic",71.83
"chr10",32114783,32116026,"AAG","KIF5B(dist=58358),EPC1(dist=151725)","intergenic",70.48
"chr11",75126808,75127803,"AAAG","OR2AT4(dist=29918),SLCO2B1(dist=23304)","intergenic",70.45
"chr5",79179871,79180989,"AAAGG","BHMT(dist=47583),JMY(dist=55142)","intergenic",64.54
"chr5",62597864,62598885,"AAAG","IPO11-LRRC70","ncRNA_intronic",63.74
"chr4",49109430,49122128,"AATGG","CWH43(dist=47352),NONE(dist=NONE)","intergenic",61.44
"chr16",61425264,61426398,"AAAG","MIR4426(dist=369498),CDH8(dist=220853)","intergenic",57.52
"chr16",75968793,75969698,"AAG","CPHXL(dist=242303),CNTNAP4(dist=307703)","intergenic",55.66
"chr7",97312229,97313101,"AAAG","SDHAF3(dist=130466),TAC1(dist=418985)","intergenic",52.06
"chr2",65451767,65452584,"AAAG","SPRED2(dist=19168),MIR4778(dist=905665)","intergenic",52.04
"chr6",19636430,19637347,"AAAG","LOC105374960(dist=177082),LNC-LBCS(dist=92074)","intergenic",51.1
"chr5",79179883,79181000,"AAAAAGGAAAGG","BHMT(dist=47595),JMY(dist=55131)","intergenic",50.82
"chr12",15045587,15046642,"AAAGAAGGAAGGAAGGAAGG","LINC01489(dist=38904),RERG(dist=61141)","intergenic",50.66
"chr16",51046563,51047520,"AAG","MIR548AI","ncRNA_intronic",49.19
"chr10",32115083,32115680,"AAGGAG","KIF5B(dist=58658),EPC1(dist=152071)","intergenic",47.04
"chrX",1735401,1736417,"AAAGAGGAGGAGGGAG","ASMT(dist=92320),DHRSX(dist=483097)","intergenic",46.24
"chr13",112934069,112934903,"AGC","ATP11A(dist=46901),MCF2L-AS1(dist=32581)","intergenic",45.71
"chr1",101657272,101658481,"AAG","LINC01307(dist=279959),OLFM3(dist=144079)","intergenic",44.14
"chr5",127246857,127247965,"AAG","C5orf63(dist=173365),MEGF10(dist=42799)","intergenic",43.49
"chr2",230648643,230649804,"AAAG","SP100(dist=103039),LINC01907(dist=41117)","intergenic",42.97
"chr7",13202442,13203457,"AAAG","ARL4A(dist=511484),ETV1(dist=687774)","intergenic",42.47
"chr19",39229481,39230710,"AAAGG","SYCN(dist=25218),IFNL3(dist=12843)","intergenic",41.85
"chr6",167393929,167394719,"AAAGG","TCP10L3(dist=9419),LOC105378127(dist=64541)","intergenic",41.75
"chr7",42733647,42734654,"AAG","LINC01448(dist=27200),C7orf25(dist=174619)","intergenic",39.34
"chr6",25070360,25071086,"AGGG","RIPOR2(dist=28072),CMAHP(dist=9981)","intergenic",39.31
"chr2",206757,208209,"AGGG","FAM110C(dist=160252),SH3YL1(dist=9927)","intergenic",38.7
"chrX",115705385,115706363,"AAAGAGAGAGAG","PLS3(dist=54526),DANT2(dist=134033)","intergenic",38.27
"chr4",57338637,57339799,"AAAGG","IGFBP7-AS1(dist=133338),LINC02380(dist=86073)","intergenic",37.79
"chr2",106791270,106792066,"AAG","CD8B2(dist=246974),ST6GAL2(dist=9534)","intergenic",37.59
"chr2",220545676,220546886,"AAG","MIR4268(dist=639111),EPHA4(dist=871141)","intergenic",37.53
"chr15",74990357,74991570,"AAAG","RPP25(dist=33585),SCAMP5(dist=3993)","intergenic",36.37
"chr14",70824972,70825860,"AAAG","MAP3K9(dist=15459),PCNX1(dist=81599)","intergenic",35.49
"chr8",9282604,9283923,"AAAGG","LOC101929128(dist=79748),LOC157273(dist=41128)","intergenic",35.02
"chr10",56536639,56537655,"AAG","ZWINT(dist=175366),MIR3924(dist=766824)","intergenic",34.89
"chr19",19743553,19744466,"AAAAAGGAAAGGAAAGG","ZNF14(dist=10441),LINC00663(dist=11906)","intergenic",34.82
"chrX",107910182,107911231,"AAAGG","LOC101928335","ncRNA_intronic",34.78
"chr6",156191458,156191902,"AAGGG","MIR1202(dist=244579),SNORD28B(dist=186848)","intergenic",34.51
"chr2",172237510,172238323,"AAGAAGAAGG","DLX2-DT(dist=127528),ITGA6(dist=189013)","intergenic",34.19
"chr11",57402794,57404090,"AAG","PRG2(dist=12144),SLC43A3(dist=2864)","intergenic",33.61
"chr11",37190545,37190952,"AG","IFTAP(dist=531254),LINC02760(dist=747649)","intergenic",33.38
"chr5",79180564,79180969,"AAGGG","BHMT(dist=48276),JMY(dist=55162)","intergenic",32.87
"chr20",41706879,41707941,"AAAG","CHD6(dist=88502),PTPRT(dist=364815)","intergenic",32.8
"chr10",130971095,130972065,"AAGG","MIR378C(dist=8427),TCERG1L(dist=120326)","intergenic",32.08
"chr14",76299203,76299991,"AAG","GPATCH2L(dist=84860),ESRRB(dist=71280)","intergenic",31.7
"chr1",99826491,99827289,"AAAG","FRRS1(dist=59856),AGL(dist=23072)","intergenic",31.65
"chr14",50051800,50052622,"AAAAG","LINC01599","ncRNA_intronic",31.38
"chr4",140361816,140362762,"AAG","SCOC-AS1","ncRNA_intronic",31.35
"chr18",47523270,47524122,"AAAG","MIR4527HG","ncRNA_intronic",30.21
"chr12",15045641,15046648,"AAGG","LINC01489(dist=38958),RERG(dist=61135)","intergenic",30.06
"chr7",84690406,84691674,"AAG","LOC101927378(dist=106088),SEMA3D(dist=303882)","intergenic",30.04
"chr14",93146012,93147117,"AAAG","ITPK1(dist=30087),MOAP1(dist=35084)","intergenic",29.66
"chr5",174742746,174743257,"AGGG","MSX2(dist=11850),MIR4634(dist=8477)","intergenic",28.77
"chr15",73660586,73661598,"AAAG","NPTN(dist=27197),CD276(dist=22683)","intergenic",27.37
"chr7",134516181,134517254,"AAAAG","AKR1B1(dist=56942),AKR1B10(dist=10313)","intergenic",26.72
"chr18",64388816,64390093,"AAAGG","LINC01924","ncRNA_intronic",26.69
"chr22",28843764,28844898,"AAG","XBP1(dist=43192),ZNRF3(dist=38674)","intergenic",26.15
"chr21",39583241,39584601,"AAAGG","SH3BGR(dist=67735),B3GALT5-AS1(dist=12547)","intergenic",26.04
"chr20",9852325,9853062,"AAAAT","PAK5(dist=13249),PARAL1(dist=133271)","intergenic",25.71
"chr3",960004,962328,"AAAGAAGGAAGGAAGGAAGG","LINC01266(dist=113989),CNTN6(dist=130696)","intergenic",25.47
"chr2",73193209,73194150,"AAAG","RAB11FIP5(dist=80261),NOTO(dist=8424)","intergenic",25.45
"chr5",83630990,83632074,"AAAG","VCAN(dist=48687),HAPLN1(dist=5731)","intergenic",25.38
"chr13",23472711,23473415,"AAAAT","LINC00327","ncRNA_intronic",25.29
"chr8",1798997,1799601,"AAGGAGGAGGAGGAG","CLN8(dist=12427),MIR3674(dist=1524)","intergenic",25.06
"chr14",100796021,100797121,"AAAG","DLK1(dist=57797),MIR2392(dist=17370)","intergenic",24.6
"chr5",174117362,174118617,"AAGG","NSG2(dist=8183),LINC01411(dist=217737)","intergenic",24.58
"chr2",67905761,67907185,"AAAGG","LINC01812(dist=80199),C1D(dist=133945)","intergenic",24.47
"chr4",56942490,56943162,"AAAAG","REST(dist=6646),NOA1(dist=20188)","intergenic",24.24
"chr7",31333818,31334643,"AAAG","ADCYAP1R1(dist=222339),NEUROD6(dist=2823)","intergenic",24.24
"chrX",118904566,118906081,"AAG","LINC01285(dist=22552),LONRF3(dist=68533)","intergenic",23.9
"chr10",25873723,25874909,"AAAGG","LINC00836(dist=140788),LOC101929073(dist=49469)","intergenic",23.7
"chr12",124770719,124771513,"AAAGG","NCOR2(dist=203107),SCARB1(dist=5343)","intergenic",23.64
"chr19",31003979,31005334,"AAGG","ZNF536(dist=290393),LINC01791(dist=162176)","intergenic",23.59
"chr5",159898708,159899825,"AAGG","LINC01847(dist=27324),ADRA1B(dist=16657)","intergenic",23.59
"chr14",27218618,27219641,"AAAG","MIR4307HG(dist=303875),LOC728755(dist=102185)","intergenic",23.47
"chr10",8806612,8807205,"AGGG","LOC105376398(dist=212221),LINC02676(dist=90784)","intergenic",23.24
"chr4",28663253,28663944,"AAG","LINC02261(dist=1381028),MIR4275(dist=155638)","intergenic",23.19
"chrX",909557,910728,"AAAG","SHOX(dist=250146),CRLF2(dist=279762)","intergenic",23.09
"chr20",53837214,53838018,"AAGGAAGGAGGGAGGGAGGG","LOC105372672(dist=202624),SUMO1P1(dist=36483)","intergenic",23.09
"chr9",93915995,93916575,"AAGG","MIR4291(dist=96574),BARX1(dist=35052)","intergenic",22.94
"chr12",59436228,59437505,"AAAG","LRIG3(dist=515724),SLC16A7(dist=158524)","intergenic",22.93
"chr1",30775637,30776897,"AAAGG","LAPTM5(dist=17863),LINC01778(dist=47755)","intergenic",22.81
"chr13",38539185,38540152,"AAAG","LINC00437","ncRNA_intronic",22.78
"chr9",104695797,104696437,"AAAG","OR13D1(dist=335)","downstream",22.63
"chr5",174742835,174743234,"AAGGGAGGGAGG","MSX2(dist=11939),MIR4634(dist=8500)","intergenic",22.48
"chr14",44004800,44005783,"AAG","NONE(dist=NONE),FSCB(dist=498368)","intergenic",22.46
"chr2",113820934,113821975,"AAAG","SLC35F5(dist=64292),ACTR3-AS1(dist=9208)","intergenic",22.45
"chr9",118667435,118668288,"AAAG","TLR4(dist=942700),LINC02578(dist=11383)","intergenic",22.44
"chrX",115705116,115706586,"AAAG","PLS3(dist=54257),DANT2(dist=133810)","intergenic",22.41
"chr21",39583315,39583807,"AAGGG","SH3BGR(dist=67809),B3GALT5-AS1(dist=13341)","intergenic",22.26
"chr14",61754645,61756093,"ACATGCCACTCATGCCTC","HIF1A-AS3(dist=3548),SNAPC1(dist=6327)","intergenic",21.65
"chr9",115386650,115387203,"AAAAT","DELEC1","ncRNA_intronic",21.59
"chr4",74413265,74413942,"AAGGC","EREG(dist=24518),AREG(dist=31194)","intergenic",21.48
"chr6",168839357,168841404,"ACCCCGTCCTCATCAGC","SMOC2(dist=171365),LOC105378146(dist=86337)","intergenic",21.46
"chr4",49138951,49156923,"AATGG","CWH43(dist=76873),NONE(dist=NONE)","intergenic",21.16
"chr2",118572033,118573307,"AAG","THORLNC(dist=385647),LOC101927709(dist=26476)","intergenic",21.15
"chr15",85895593,85897647,"AG","MIR548AP(dist=69863),AGBL1(dist=181973)","intergenic",21.11
"chr9",135384408,135385608,"AACCATTCCTAGCCATTCCT","C9orf62(dist=37850),PPP1R26-AS1(dist=77111)","intergenic",21.09
"chr12",9220847,9221738,"AAAG","PZP(dist=12452),A2MP1(dist=6795)","intergenic",21.08
"chr10",48291373,48292393,"AAAG","FRMPD2(dist=16677),MAPK8(dist=14246)","intergenic",20.98
"chr21",10682854,10700433,"AATGG","TPTE(dist=77140),NONE(dist=NONE)","intergenic",20.77
"chr20",4117923,4119217,"AAG","RNF24(dist=102365),SMOX(dist=29562)","intergenic",20.73
"chrX",115705560,115706273,"AAAGAGAG","PLS3(dist=54701),DANT2(dist=134123)","intergenic",20.63
"chr12",101591271,101592302,"AAG","SPIC(dist=104274),MYBPC1(dist=2629)","intergenic",20.57
"chr1",16165708,16166615,"ATCC","EPHA2(dist=9639),ARHGEF19(dist=31239)","intergenic",20.26
"chr5",13427104,13427872,"AAAG","LINC02220(dist=394218),DNAH5(dist=262457)","intergenic",20.18
"chr10",37068032,37068891,"AAAG","PCAT5(dist=1267112),ANKRD30A(dist=56966)","intergenic",20.04
"chr2",172237754,172238307,"AAGAAGAAGAGG","DLX2-DT(dist=127772),ITGA6(dist=189029)","intergenic",20.03
"chr1",9379623,9380561,"AAG","SPSB1(dist=10092),LINC02606(dist=44533)","intergenic",20.02
"chr13",21265515,21266093,"AAAG","LINC01046(dist=30311),LOC101928764(dist=17417)","intergenic",20.01
"chr20",61176348,61177327,"AAAG","LINC01718(dist=96169),CDH4(dist=74934)","intergenic",19.92
"chr15",69678065,69678930,"AAAGG","PCAT29","ncRNA_intronic",19.49
"chr19",5795771,5796657,"AAG","DUS3L(dist=4608),NRTN(dist=8410)","intergenic",19.46
"chr18",59102135,59103067,"AAAG","OACYLP(dist=48921),SEC11C(dist=36817)","intergenic",19.26
"chr11",80857783,80858442,"AAAAT","LINC02720(dist=94980),MIR4300HG(dist=1021409)","intergenic",19.22
"chr1",238969420,238970531,"AAAG","LINC01139(dist=483403),CHRM3(dist=416037)","intergenic",19.2
"chr3",960102,961973,"AAGG","LINC01266(dist=114087),CNTN6(dist=131051)","intergenic",19.14
"chr15",97683396,97684185,"AAG","LOC101927310(dist=122698),LINC00923(dist=58431)","intergenic",19.1
"chr15",97683367,97684170,"AAGGAG","LOC101927310(dist=122669),LINC00923(dist=58446)","intergenic",19.08
"chr19",19743634,19744682,"AAAGG","ZNF14(dist=10522),LINC00663(dist=11690)","intergenic",18.96
"chr8",75104467,75105683,"AAAGG","CRISPLD1(dist=69909),CASC9(dist=117434)","intergenic",18.95
"chr11",31910820,31911940,"AAAGG","PAX6-AS1(dist=23779),LOC100506675(dist=124039)","intergenic",18.76
"chr20",31238757,31244833,"AATGG","FRG1BP(dist=818915),DEFB115(dist=12831)","intergenic",18.68
"chr17",6751164,6751771,"AAGGAG","SLC13A5(dist=37795),XAF1(dist=3676)","intergenic",18.67
"chr4",10134233,10134434,"AATCCCAATTGACGGAG","WDR1(dist=17434),ZNF518B(dist=305446)","intergenic",18.62
"chr10",8680856,8682029,"AAG","LOC105376398(dist=86465),LINC02676(dist=215960)","intergenic",18.53
"chr7",11197950,11199166,"AAGG","PHF14(dist=28333),THSD7A(dist=171199)","intergenic",18.52
"chr4",129670821,129671976,"AAAGAAAGAAGGAAGGAAGG","C4orf33(dist=554185),LINC02466(dist=52195)","intergenic",18.44
"chrX",156029884,156030731,"AACCCT","DDX11L16(dist=1701),NONE(dist=NONE)","intergenic",18.44
"chr7",106740876,106741646,"AAAAT","CCDC71L(dist=79718),PIK3CG(dist=123636)","intergenic",18.29
"chr12",76122058,76123225,"AAACATATATATG","NAP1L1(dist=37373),LNCOG(dist=136658)","intergenic",18.23
"chr17",43316803,43317329,"AAG","RNU2-1(dist=16572),LINC00910(dist=52516)","intergenic",18.16
"chr1",30654242,30656379,"ACC","LINC01648(dist=616630),MATN1(dist=54898)","intergenic",18.09
"chr2",106791345,106792257,"AAGAAGGGAG","CD8B2(dist=247049),ST6GAL2(dist=9343)","intergenic",17.91
"chr3",171523946,171524564,"AGC","TNIK(dist=63541),PLD1(dist=75840)","intergenic",17.82
"chr19",1654577,1655204,"AAG","TCF3(dist=1962),ONECUT3(dist=98302)","intergenic",17.81
"chr15",26416472,26417844,"AAACTATATATAG","LINC00929(dist=283435),GABRB3(dist=125702)","intergenic",17.66
"chr8",81688251,81689068,"AAAG","IMPA1(dist=1897),SLC10A5(dist=4563)","intergenic",17.5
"chr15",89662858,89664360,"ACAGAGTCAGCGCCAGGGCC","PLIN1(dist=10)","downstream",17.46
"chr7",155139834,155141310,"AGCATCCCTGAGCCCC","HTR5A(dist=52442),INSIG1(dist=156462)","intergenic",17.44
"chr3",128586532,128587580,"AAAGG","LINC01565(dist=10446),RPN1(dist=32389)","intergenic",17.18
"chr7",17982859,17983590,"AAG","SNX13(dist=42351),PRPS1L1(dist=43181)","intergenic",17.1
"chr1",208506254,208507501,"AATGTGGTATATATACAT","PLXNA2(dist=261870),LINC01717(dist=221187)","intergenic",16.89
"chr20",17080714,17081542,"AAAAT","OTOR(dist=328550),PCSK2(dist=144565)","intergenic",16.87
"chr20",13847710,13849038,"AAG","SEL1L2(dist=209)","downstream",16.82
"chr4",138751765,138752339,"AAGCC","LINC00499(dist=327421),LOC105377448(dist=67618)","intergenic",16.82
"chr13",50262873,50263497,"AAAG","DLEU1","ncRNA_intronic",16.81
"chr7",141913357,141914135,"AAAAT","PRSS37(dist=71872),OR9A4(dist=2264)","intergenic",16.67
"chr1",25589051,25589494,"AAAG","LDLRAP1(dist=20165),MAN1C1(dist=27297)","intergenic",16.66
"chr18",32145149,32145932,"AAAGG","RNF138(dist=13588),MEP1B(dist=44107)","intergenic",16.6
"chr18",64389094,64389838,"AAGGCAGGGC","LINC01924","ncRNA_intronic",16.56
"chr8",38556106,38557314,"AAG","C8orf86(dist=27444),RNF5P1(dist=42861)","intergenic",16.51
"chr13",26982470,26983372,"AAAG","GPR12(dist=221684),USP12(dist=82784)","intergenic",16.49
"chr16",85833749,85834826,"AGGG","COX4I1(dist=26681),IRF8(dist=64336)","intergenic",16.38
"chr6",50707796,50708781,"AAG","DEFB112(dist=657867),TFAP2D(dist=4745)","intergenic",16.34
"chr17",43602159,43602747,"AAGGG","ETV4(dist=55819),MEOX1(dist=37643)","intergenic",16.34
"chr4",49631030,49658017,"AATGG","CWH43(dist=568952),NONE(dist=NONE)","intergenic",16.22
"chr14",76357678,76358683,"AAAG","GPATCH2L(dist=143335),ESRRB(dist=12588)","intergenic",16.19
"chr20",4031492,4031789,"ACCTCT","RNF24(dist=15934),SMOX(dist=116990)","intergenic",16.19
"chr1",58980619,58981689,"AAAG","LINC01135(dist=80907),LINC01358(dist=38787)","intergenic",16.14
"chr7",283485,284521,"AAAG","FAM20C(dist=22713),FOXL3(dist=5649)","intergenic",16.07
"chrY",11290900,11293924,"ACTCC","TTTY23(dist=1378938),GYG2P1(dist=1112192)","intergenic",16.07
"chr4",137894994,137895986,"AAGGG","LINC02172(dist=291564),LINC00616(dist=131437)","intergenic",16.02
"chrX",1681225,1682635,"AG","ASMT(dist=38144),DHRSX(dist=536879)","intergenic",16
"chrX",150976770,150977615,"AAAG","CD99L2(dist=77954),HMGB3(dist=2892)","intergenic",15.92
"chr12",19900041,19900632,"AAAG","AEBP2(dist=377814),LINC02398(dist=114053)","intergenic",15.83
"chr18",32145197,32146036,"AAAG","RNF138(dist=13636),MEP1B(dist=44003)","intergenic",15.83
"chr18",6543840,6544791,"AGGGCCATGCATAT","LINC01387","ncRNA_intronic",15.83
"chr21",8219828,8220149,"AG","LOC100507412,RNA28SN5","ncRNA_intronic",15.82
"chrX",120784601,120785473,"AAAG","C1GALT1C1(dist=154451),CT47B1(dist=87125)","intergenic",15.75
"chr2",206590,206937,"AAGGAAGGGAGG","FAM110C(dist=160085),SH3YL1(dist=11199)","intergenic",15.66
"chr20",63220931,63222167,"ACTGCAGGG","YTHDF1(dist=4800),BIRC7(dist=13738)","intergenic",15.65
"chr8",38556325,38557020,"AAGAAGAAGAGG","C8orf86(dist=27663),RNF5P1(dist=43155)","intergenic",15.62
"chr1",224011287,224016506,"AATGG","SEPTIN7P13","ncRNA_intronic",15.59
"chr18",73207514,73207763,"AAAACATATGTGTGT","LINC02864","ncRNA_intronic",15.57
"chr1",219474965,219476021,"AAAG","LYPLAL1-AS1","ncRNA_intronic",15.5
"chr22",22585332,22586223,"AAAG","LL22NC03-63E9.3(dist=18733),POM121L1P(dist=45334)","intergenic",15.49
"chr4",30716638,30717221,"AGC","LINC02472(dist=1495477),PCDH7(dist=3148)","intergenic",15.41
"chr2",66875671,66876638,"AAGG","LINC01797(dist=172444),LINC01799(dist=27798)","intergenic",15.4
"chr2",177297491,177298199,"AAAAT","LOC100130691","ncRNA_intronic",15.35
"chr1",207406972,207407688,"AAG","CD55(dist=46006),CR2(dist=46640)","intergenic",15.24
"chr7",151316260,151316891,"AAAAT","SMARCD3(dist=39111),NUB1(dist=24921)","intergenic",15.23
"chrX",46316636,46317360,"AAGGTGGTGAGCATGAGG","LINC02595(dist=465146),LINC01186(dist=8564)","intergenic",15.17
"chr2",7582719,7583990,"AAAGAAGGAAGGAAGGAAGG","LOC100506274(dist=132469),LOC101929551(dist=302777)","intergenic",15.16
"chr2",3592327,3592555,"ACCTCT","RPS7(dist=11407),COLEC11(dist=2277)","intergenic",15.11
"chr6",118741138,118741895,"AAAAT","CEP85L(dist=31063),SELENOKP3(dist=40813)","intergenic",15.05
"chr8",25595875,25596986,"AAAG","CDCA2(dist=87958),EBF2(dist=244740)","intergenic",15.05
"chr4",166150687,166151483,"AAG","TLL1(dist=46230),SPOCK3(dist=581902)","intergenic",15.01
"chr8",41899412,41899929,"AAAAT","ANK1(dist=2671),KAT6A(dist=29550)","intergenic",15
"chr9",134475329,134477114,"AACTGGGGCCTAGAGTGAGG","RXRA(dist=34743),COL5A1(dist=164689)","intergenic",15
"chr11",57101770,57102860,"AAG","OR5AK4P(dist=63310),LRRC55(dist=79093)","intergenic",15
"chr22",20161623,20164754,"ACC","CCDC188(dist=10568),LOC284865(dist=33975)","intergenic",14.96
"chr6",6507052,6507575,"AAAG","LY86-AS1","ncRNA_intronic",14.89
"chr2",234388336,234389914,"AAAACCTAGGCTAGAAG","SPP2(dist=311202),LINC01891(dist=54676)","intergenic",14.87
"chr5",152514624,152516162,"AAAG","NMUR2(dist=109345),LINC01470(dist=102803)","intergenic",14.86
"chr11",126064467,126065747,"AAGAGGTGATAGTATT","CDON(dist=1175),RPUSD4(dist=136347)","intergenic",14.82
"chr21",43335575,43337962,"ACC","LINC00322(dist=3536),LINC01679(dist=20093)","intergenic",14.82
"chr6",833871,834493,"AAGGAAGGAAGGTAGG","EXOC2(dist=140732),LOC101927691(dist=34005)","intergenic",14.81
"chr18",64389021,64389863,"AAAAGG","LINC01924","ncRNA_intronic",14.74
"chr17",43316951,43317325,"AAGGAGGAG","RNU2-1(dist=16720),LINC00910(dist=52520)","intergenic",14.74
"chr4",156013273,156014409,"AAG","CTSO(dist=59407),PDGFC(dist=746045)","intergenic",14.69
"chrX",2206133,2206982,"AAAGG","ASMT(dist=563052),DHRSX(dist=12532)","intergenic",14.66
"chr12",124770772,124771518,"AAAAG","NCOR2(dist=203160),SCARB1(dist=5338)","intergenic",14.65
"chrX",2772943,2774317,"AAGGAAGGAAGGAGAG","XGY2","ncRNA_intronic",14.64
"chr8",6678623,6679325,"AAGG","MCPH1-AS1","ncRNA_intronic",14.63
"chr11",72132945,72134110,"AAG","ANAPC15(dist=20169),FOLR3(dist=1615)","intergenic",14.59
"chr14",54915170,54915846,"AAAGG","GCH1(dist=12344),WDHD1(dist=23103)","intergenic",14.49
"chr17",62864451,62865218,"AAAG","MARCHF10-DT(dist=28080),MIR633(dist=78997)","intergenic",14.42
"chr17",45176536,45177138,"AAAGAGAG","LOC105371795(dist=5051),LOC339192(dist=13793)","intergenic",14.41
"chr6",19636495,19637446,"AAGG","LOC105374960(dist=177147),LNC-LBCS(dist=91975)","intergenic",14.31
"chr2",78664612,78665237,"AAAAT","LOC105374820(dist=98528),REG3G(dist=360465)","intergenic",14.26
"chr8",50973270,50974019,"AAAAT","SNTG1(dist=176578),PXDNL(dist=345558)","intergenic",14.23
"chr12",117386982,117387539,"AAAG","NOS1(dist=25180),KSR2(dist=65473)","intergenic",14.23
"chr6",27421686,27422390,"AAAG","ZNF391(dist=17779),ZNF184(dist=28352)","intergenic",14.14
"chr13",100059023,100059514,"AGGG","LINC00554(dist=61114),PCCA-DT(dist=26517)","intergenic",14.14
"chr8",8481444,8482135,"AAAG","PRAG1(dist=95005),CLDN23(dist=219802)","intergenic",14
"chr4",52835253,52836203,"AAAAT","LINC01618(dist=19789),RASL11B(dist=26114)","intergenic",13.93
"chr2",61684411,61685240,"AATAG","XPO1(dist=146055),FAM161A(dist=139608)","intergenic",13.92
"chr10",130023552,130024863,"ACAGGCAGGAGACGGGC","EBF3(dist=59278),C10orf143(dist=39035)","intergenic",13.9
"chr6",120460139,120460763,"AAAAT","MIR3144(dist=444882),TBC1D32(dist=618731)","intergenic",13.83
"chr6",97867816,97868439,"AAAAT","LOC101927314(dist=158899),MIR2113(dist=156092)","intergenic",13.81
"chr16",10000,10210,"AACCCT","NONE(dist=NONE),DDX11L10(dist=1345)","intergenic",13.81
"chr6",169806498,169807804,"ACACAGAGCTCACCACAG","LINC00574(dist=3625),LOC100131532(dist=154819)","intergenic",13.75
"chr4",10135020,10135274,"AATCCCAATTGTGATGTAG","WDR1(dist=18221),ZNF518B(dist=304606)","intergenic",13.7
"chr9",68583241,68584158,"AAAG","LINC01506(dist=36639),PIP5K1B(dist=121082)","intergenic",13.58
"chr7",35043714,35046756,"AAATGGTGAGGGGCACTGGG","DPY19L1(dist=5673),DPY19L2P1(dist=34531)","intergenic",13.56
"chr9",36506809,36507437,"AAG","RNF38(dist=105611),MELK(dist=65425)","intergenic",13.56
"chr3",171562021,171562640,"AAG","TNIK(dist=101616),PLD1(dist=37764)","intergenic",13.51
"chr9",81793098,81793698,"AAAG","LOC101927502(dist=16199),SPATA31D5P(dist=119739)","intergenic",13.46
"chr11",3198691,3200051,"ACACAGGGTGCAGG","OSBPL5(dist=33381),MRGPRG(dist=17893)","intergenic",13.45
"chr3",165860571,165861868,"AAAG","BCHE(dist=23148),LOC105374194(dist=1036815)","intergenic",13.4
"chr6",19636501,19637220,"AAAGAAGG","LOC105374960(dist=177153),LNC-LBCS(dist=92201)","intergenic",13.4
"chr7",1271766,1271989,"ACAGACGCTGCCCACCTCCC","UNCX(dist=34440),MICALL2(dist=162370)","intergenic",13.4
"chr20",22538178,22539400,"AAG","LOC284788(dist=117535),LINC00261(dist=21154)","intergenic",13.36
"chr4",190110323,190110760,"AACCCT","DBET(dist=42459),DUX4(dist=63014)","intergenic",13.34
"chr1",151867111,151868002,"AAG","THEM5(dist=13399),THEM4(dist=2865)","intergenic",13.32
"chr11",22435397,22435916,"AAAAT","SLC17A6(dist=55897),LINC01495(dist=9756)","intergenic",13.29
"chr17",5231956,5232656,"AAACAGTGCAGTGT","LOC100130950","ncRNA_intronic",13.29
"chr16",73167721,73168556,"AAAG","HCCAT5(dist=73948),LINC01568(dist=218249)","intergenic",13.25
"chr5",179936472,179937773,"AAAACGAAATATCATC","TBC1D9B(dist=28575),RNF130(dist=17294)","intergenic",13.16
"chr2",51804759,51805919,"ACC","LOC730100","ncRNA_intronic",13.03
"chr2",191667450,191667837,"AG","MYO1B(dist=242064),NABP1(dist=10235)","intergenic",12.99
"chr10",37067973,37068817,"AG","PCAT5(dist=1267053),ANKRD30A(dist=57040)","intergenic",12.98
"chr4",181124985,181125705,"AAAAT","LINC00290","ncRNA_intronic",12.94
"chr2",191667426,191668275,"AAAG","MYO1B(dist=242040),NABP1(dist=9797)","intergenic",12.91
"chr11",129675221,129676374,"AAAG","LINC01395(dist=57952),TMEM45B(dist=139407)","intergenic",12.9
"chr12",95431351,95432194,"AAG","MIR3685(dist=121367),METAP2(dist=41958)","intergenic",12.89
"chr6",71158077,71158897,"AAAG","B3GAT2(dist=201017),OGFRL1(dist=129914)","intergenic",12.81
"chr1",237883610,237884377,"AAACACACACACACAC","LOC100130331","ncRNA_intronic",12.77
"chrX",5803600,5804691,"AAAG","LOC101928201(dist=1170028),NLGN4X(dist=85335)","intergenic",12.76
"chr7",1271118,1272038,"ACACTGCCCACCTCCCACAG","UNCX(dist=33792),MICALL2(dist=162321)","intergenic",12.74
"chr9",135384326,135385643,"AATGGCTAGG","C9orf62(dist=37768),PPP1R26-AS1(dist=77076)","intergenic",12.66
"chr8",40936094,40937135,"AAGG","ZMAT4(dist=38268),SFRP1(dist=324827)","intergenic",12.59
"chr14",104763811,104764268,"AATGG","SIVA1(dist=4157),AKT1(dist=5082)","intergenic",12.56
"chr13",74260114,74260965,"AAAAT","LINC00402(dist=138)","downstream",12.49
"chr15",70364198,70364962,"AAAG","TLE3(dist=266281),LINC02205(dist=138945)","intergenic",12.49
"chr19",23761356,23761992,"AAGG","ZNF681(dist=2465),RPSAP58(dist=1012)","intergenic",12.46
"chr2",228764029,228765164,"AAG","LINC01807(dist=152634),PID1(dist=258809)","intergenic",12.45
"chr20",31577478,31578375,"AC","HM13-AS1(dist=4215),ID1(dist=26914)","intergenic",12.41
"chr1",109725077,109725436,"AAGGG","GSTM5(dist=6809),GSTM3(dist=8501)","intergenic",12.38
"chr21",10425884,10427521,"ACC","BAGE2","ncRNA_intronic",12.36
"chr5",7370997,7373153,"ACC","LINC02123(dist=23020),ADCY2(dist=22985)","intergenic",12.36
"chr2",37166016,37166429,"AGGG","EIF2AK2(dist=8969),SULT6B1(dist=1391)","intergenic",12.36
"chr7",149580768,149581370,"AAAACC","ZNF767P","ncRNA_intronic",12.34
"chr13",21725499,21726459,"ACC","FGF9(dist=21003),LINC00424(dist=146337)","intergenic",12.34
"chr2",217752251,217753169,"AGCTCCTCATGGGC","DIRC3","ncRNA_intronic",12.32
"chr1",238969612,238970275,"AAAGG","LINC01139(dist=483595),CHRM3(dist=416293)","intergenic",12.3
"chr4",58634985,58635678,"AAAG","LINC02494(dist=98657),LINC02429(dist=348604)","intergenic",12.27
"chr8",54360783,54361928,"AAGAAGGGAAGG","RNU105C(dist=29888),SOX17(dist=96007)","intergenic",12.27
"chr22",42733886,42734465,"AAAAT","A4GALT(dist=12585),ARFGAP3(dist=62038)","intergenic",12.25
"chr1",34801679,34802880,"AAACC","GJA4(dist=5932),SMIM12(dist=47482)","intergenic",12.25
"chr4",184308869,184309849,"ATCC","ENPP6(dist=90996),LINC02363(dist=31182)","intergenic",12.23
"chr19",8719511,8720925,"ATCC","ACTL9(dist=20716),OR2Z1(dist=10029)","intergenic",12.15
"chr22",44361618,44362837,"AACCCCTGGCTGTAACT","SHISAL1(dist=48667),LINC01656(dist=80490)","intergenic",12.14
"chr15",97087989,97088988,"AAGGAGGAGGAGGAGG","SPATA8(dist=302374),LINC02254(dist=281383)","intergenic",12.14
"chr10",118247715,118248729,"AAAG","CASC2(dist=37562),FAM204A(dist=49196)","intergenic",12.13
"chr13",39984386,39985141,"AAAAT","COG6(dist=192720),LINC00332(dist=196668)","intergenic",12.12
"chrX",5302866,5304088,"ACATATATATGGT","LOC101928201(dist=669294),NLGN4X(dist=585938)","intergenic",12.11
"chrX",135645389,135646736,"AGATATATATATGG","INTS6L(dist=62852),SAGE2P(dist=31930)","intergenic",12.07
"chr2",70433774,70434080,"AATGG","FAM136A(dist=131707),TGFA(dist=13205)","intergenic",12.06
"chr7",17982812,17983632,"AAGAAGAGG","SNX13(dist=42304),PRPS1L1(dist=43139)","intergenic",12.05
"chr4",137894961,137896131,"AAAGGAAGGGAAGGGAAGGG","LINC02172(dist=291531),LINC00616(dist=131292)","intergenic",12
"chr17",5231965,5232655,"AAACAGTGCAGTAT","LOC100130950","ncRNA_intronic",11.98
"chr13",112656924,112657937,"AAGGAGGCCCCATCAGG","ATP11AUN","ncRNA_intronic",11.98
"chr18",64389079,64389713,"AAGGC","LINC01924","ncRNA_intronic",11.97
"chr19",54410782,54411630,"AG","LAIR1(dist=40226),TTYH1(dist=3834)","intergenic",11.97
"chr3",64377019,64377760,"ACACATGTATATATGTATAT","PRICKLE2(dist=108846),ADAMTS9(dist=137895)","intergenic",11.96
"chr18",63086307,63087297,"AAAG","PHLPP1(dist=105874),BCL2(dist=36049)","intergenic",11.95
"chr13",89718269,89719261,"AAAAT","LINC00353(dist=153856),LINC00559(dist=340989)","intergenic",11.91
"chr2",89835246,89841473,"AATGG","LOC101927050(dist=197339),LSP1P4(dist=1795210)","intergenic",11.9
"chr4",128650286,128650920,"AAAAT","LINC02615(dist=130890),JADE1(dist=158780)","intergenic",11.89
"chr18",22351102,22351738,"AAAAT","GATA6(dist=148574),CTAGE1(dist=61861)","intergenic",11.84
"chr15",81067470,81068108,"AAAAT","TLNRD1(dist=61682),CFAP161(dist=66162)","intergenic",11.78
"chr8",94606575,94607613,"AAAG","VIRMA(dist=53057),LOC100288748(dist=29672)","intergenic",11.77
"chr7",69462525,69463462,"AAAG","LOC102723427(dist=1429835),CT66(dist=131342)","intergenic",11.75
"chr5",172978029,172978809,"AAAG","RPL26L1(dist=8258),ATP6V0E1(dist=4962)","intergenic",11.7
"chr1",246691952,246692979,"AGGG","CNST(dist=23357),SCCPDH(dist=31430)","intergenic",11.65
"chr9",25543045,25543425,"AAAAT","IZUMO3(dist=997148),TUSC1(dist=133544)","intergenic",11.59
"chr18",54134207,54135404,"AAAG","LINC01919(dist=536356),MBD2(dist=16202)","intergenic",11.58
"chr9",10292,10297,"AAACCCT","NONE(dist=NONE),DDX11L5(dist=1690)","intergenic",11.56
"chr15",26416699,26417645,"AAACTGTATATAG","LINC00929(dist=283662),GABRB3(dist=125901)","intergenic",11.56
"chr6",134395877,134396814,"AAAG","SGK1(dist=77819),CT69(dist=32216)","intergenic",11.52
"chr14",66167112,66167946,"AAAG","FUT8(dist=422991),CCDC196(dist=318425)","intergenic",11.51
"chr2",103077460,103078297,"AAAG","LINC01935(dist=93031),LOC100287010(dist=1300553)","intergenic",11.5
"chrX",16378296,16378659,"AACATATATCTCATATAT","MAGEB17(dist=206832),CTPS2(dist=209340)","intergenic",11.44
"chr6",170459408,170459709,"AGCCCCTATCCCGCAGGAGG","FAM120B(dist=52337),PSMB1(dist=75411)","intergenic",11.43
"chr13",85350349,85351436,"AAG","LINC00375(dist=202292),LINC00351(dist=12167)","intergenic",11.41
"chr4",12420933,12421270,"AAGG","LINC02270(dist=169648),RAB28(dist=946453)","intergenic",11.4
"chr12",133264548,133264895,"AACCCTAACCCTCGCCCT","ANHX(dist=28671),NONE(dist=NONE)","intergenic",11.39
"chr21",10651248,10682166,"AATGG","TPTE(dist=45534),NONE(dist=NONE)","intergenic",11.38
"chr3",153022218,153023423,"AAAG","P2RY1(dist=180779),RAP2B(dist=138803)","intergenic",11.34
"chr19",4617997,4619987,"ACAGAGGAGAGGCAGAG","SEMA6B(dist=58313),TNFAIP8L1(dist=19529)","intergenic",11.34
"chr3",83741107,83741945,"AAGG","LINC02008(dist=1277432),LINC00971(dist=896460)","intergenic",11.3
"chr10",118247879,118248560,"AAAGAGAG","CASC2(dist=37726),FAM204A(dist=49365)","intergenic",11.28
"chr5",117039765,117040363,"AAAAT","LINC02214(dist=277556),LINC00992(dist=375149)","intergenic",11.27
"chr18",24938736,24939935,"AAATTTATATACATAT","LINC01894","ncRNA_intronic",11.24
"chr1",179245699,179246287,"AAAAT","ABL2(dist=16015),SOAT1(dist=47427)","intergenic",11.18
"chr2",7379615,7380403,"ACC","LOC101929452(dist=301735),LOC100506274(dist=40858)","intergenic",11.18
"chr2",10953013,10954588,"ACATCC","KCNF1(dist=38788),FLJ33534(dist=145263)","intergenic",11.17
"chr4",110883070,110884645,"AGATATATATATATGGG","MIR297(dist=22423),FAM241A(dist=1260809)","intergenic",11.14
"chr3",191007427,191008265,"AAAG","SNAR-I(dist=129377),OSTN(dist=190976)","intergenic",11.12
"chr4",190110462,190110734,"AACCCTAACCCTAAGCCCT","DBET(dist=42598),DUX4(dist=63040)","intergenic",11.1
"chr20",58196265,58197343,"AC","C20orf85(dist=35115),ANKRD60(dist=18783)","intergenic",11.08
"chr1",223439185,223440198,"AAAG","CCDC185(dist=43720),CAPN8(dist=101418)","intergenic",11.07
"chr20",5525477,5526202,"AAAAG","LINC01729(dist=15475),GPCPD1(dist=18237)","intergenic",11.06
"chr3",137756630,137757520,"AAAG","IL20RB(dist=745546),SOX14(dist=6795)","intergenic",11.05
"chr11",126064753,126065356,"AACACTATCACCTCTT","CDON(dist=1461),RPUSD4(dist=136738)","intergenic",11.05
"chr18",73206551,73206937,"AAAACATATGTGTGT","LINC02864","ncRNA_intronic",10.99
"chr15",92295575,92296418,"AAAG","SLCO3A1(dist=123140),ST8SIA2(dist=97463)","intergenic",10.9
"chr6",168871415,168872009,"AG","SMOC2(dist=203423),LOC105378146(dist=55732)","intergenic",10.9
"chr10",130971085,130972065,"AAAGAAGGAAGG","MIR378C(dist=8417),TCERG1L(dist=120326)","intergenic",10.89
"chrX",129901403,129902172,"AAGGT","ZDHHC9(dist=57517),UTP14A(dist=3949)","intergenic",10.85
"chr17",65075088,65075836,"AAAAT","GNA13(dist=18348),LOC100507002(dist=24976)","intergenic",10.83
"chr2",66293012,66294070,"AAAG","SPRED2(dist=860413),MIR4778(dist=64179)","intergenic",10.82
"chr8",134242812,134244098,"AGG","LOC101927822(dist=340405),ZFAT(dist=233690)","intergenic",10.79
"chr18",80074467,80076438,"ACAGGGTCCCAGAGC","RBFADN","ncRNA_intronic",10.77
"chr16",46945264,46946086,"AAGCAATCCTCCTGTGTCC","GPT2(dist=13975),DNAJA2(dist=9276)","intergenic",10.73
"chr17",51509544,51510674,"AAAG","LINC02073(dist=63742),CA10(dist=119639)","intergenic",10.71
"chr2",106791359,106792332,"AAAGAAGAAG","CD8B2(dist=247063),ST6GAL2(dist=9268)","intergenic",10.69
"chr2",3650675,3651918,"AC","COLEC11(dist=6031),ALLC(dist=6282)","intergenic",10.68
"chr20",37449714,37450916,"ATCC","SRC(dist=43664),BLCAP(dist=66501)","intergenic",10.61
"chr2",149905748,149906571,"AAAG","LINC01931(dist=46557),LINC01817(dist=328321)","intergenic",10.6
"chr10",70767236,70767962,"AAAGAGAG","ADAMTS14(dist=4797),TBATA(dist=3276)","intergenic",10.59
"chr5",174742881,174743277,"AAGGGAGGGAGGGAGG","MSX2(dist=11985),MIR4634(dist=8457)","intergenic",10.59
"chr2",232389253,232389998,"AAAG","ECEL1P2(dist=2209),ALPG(dist=16846)","intergenic",10.58
"chrY",11292143,11293617,"AATGGAATGGAGTGGAGTGG","TTTY23(dist=1380181),GYG2P1(dist=1112499)","intergenic",10.58
"chr17",32242951,32243793,"ATATATC","RHOT1(dist=17180),RHBDL3(dist=22039)","intergenic",10.55
"chr7",482864,483948,"ATCC","LOC116435278(dist=43476),PDGFA(dist=13312)","intergenic",10.55
"chr15",87034168,87035371,"ACATACATGCAT","AGBL1(dist=5116),LINC00052(dist=541558)","intergenic",10.53
"chr19",8184670,8185487,"AAAAG","FBN3(dist=35078),CERS4(dist=23883)","intergenic",10.47
"chr1",31986283,31986531,"AAAAT","PTP4A2(dist=47915),KHDRBS1(dist=27337)","intergenic",10.47
"chr6",32241992,32243028,"AAAGAAGGAAGGAAGGAAGG","NOTCH4(dist=17925),TSBP1-AS1(dist=12145)","intergenic",10.47
"chr11",44522942,44524052,"AAG","ALX4(dist=212803),CD82(dist=41611)","intergenic",10.44
"chr4",137322353,137322952,"AAGAAGAAGAAT","LINC02511(dist=109554),PCDH18(dist=195968)","intergenic",10.43
"chr4",70009706,70010384,"ACATATATAT","STATH(dist=7136),HTN3(dist=18075)","intergenic",10.41
"chr8",12590681,12591748,"AACCTCCTCCTCACTGC","LOC729732","ncRNA_intronic",10.39
"chr8",11636906,11638254,"ACACACACCCTCACAT","LINC00208(dist=55565),GATA4(dist=38681)","intergenic",10.34
"chr1",8977381,8978014,"AAAG","CA6(dist=2292),SLC2A7(dist=25286)","intergenic",10.32
"chr2",172237670,172238135,"AAAGAAGAAG","DLX2-DT(dist=127688),ITGA6(dist=189201)","intergenic",10.32
"chr4",20079354,20080330,"ACATATATAT","LCORL(dist=2057479),SLIT2(dist=171575)","intergenic",10.32
"chr2",62664860,62665636,"AG","TMEM17(dist=158665),EHBP1(dist=8242)","intergenic",10.31
"chr6",16099124,16099746,"AAG","DTNBP1(dist=436066),MYLIP(dist=29340)","intergenic",10.3
"chr5",79180070,79180796,"AAGAC","BHMT(dist=47782),JMY(dist=55335)","intergenic",10.29
"chr9",87746135,87746782,"AAGGAG","CTSL(dist=14666),CTSL3P(dist=26133)","intergenic",10.25
"chr21",22641969,22642796,"AATATACATTCTATACATAG","LINC00308(dist=525441),MIR6130(dist=436488)","intergenic",10.25
"chr20",5525598,5526146,"AAAGG","LINC01729(dist=15596),GPCPD1(dist=18293)","intergenic",10.23
"chr13",89904195,89904842,"AAAAT","LINC00353(dist=339782),LINC00559(dist=155408)","intergenic",10.22
"chr15",87615675,87616118,"AAAAT","LINC00052(dist=35989),NTRK3(dist=243633)","intergenic",10.19
"chr17",32122960,32124025,"AAAG","LRRC37B(dist=69473),LOC105371730(dist=17201)","intergenic",10.19
"chr22",47378835,47379586,"AGGAGGAGGAGGCGGCGG","LOC339685(dist=5294),LINC01644(dist=81713)","intergenic",10.18
"chr4",18836448,18837673,"AAG","LCORL(dist=814573),SLIT2(dist=1414232)","intergenic",10.14
"chr12",15046210,15046597,"AAAGAAGGAAAGAAGGAAGG","LINC01489(dist=39527),RERG(dist=61186)","intergenic",10.11
"chr10",46270978,46272263,"AACTCT","ANTXRLP1(dist=1370),LOC105378577(dist=12587)","intergenic",10.08
"chr1",203561345,203562406,"AAG","OPTC(dist=52396),ATP2B4(dist=64381)","intergenic",10.07
"chr10",35742325,35743286,"AAAG","FZD8(dist=100891),PCAT5(dist=35016)","intergenic",10.06
"chr15",69831786,69832912,"AAATGAAGGAAGGGAAGGG","PCAT29(dist=136035),LINC00593(dist=2322)","intergenic",10.06
"chr6",141372338,141372961,"ACACATATATACATATAT","MIR4465(dist=688455),NMBR(dist=701523)","intergenic",10.06
"chr2",12152947,12153811,"AAAG","MIR3681HG","ncRNA_intronic",10.03
"chr4",49102254,49108822,"AATGG","CWH43(dist=40176),NONE(dist=NONE)","intergenic",10.03
"chr15",67904405,67905833,"AAAGAGGGAGAGAGAG","RNU6-9(dist=64360),PIAS1(dist=148482)","intergenic",10.02
"chr11",4531783,4532601,"AAATGTTGCAGAACAGC","OR52K1(dist=38286),OR52M1(dist=12590)","intergenic",10.02
"chr1",4302689,4303437,"AACGG","LINC01346(dist=350106),LINC01777(dist=108614)","intergenic",10.02
"chr5",53171777,53172897,"AAAGG","LOC257396(dist=56651),FST(dist=307732)","intergenic",10
"chrX",51621061,51621910,"AAG","CENPVL3(dist=2149),CENPVL2(dist=59303)","intergenic",9.99
"chr4",89096353,89097576,"AATATATATATATGATGG","FAM13A(dist=39168),TIGD2(dist=13593)","intergenic",9.98
"chr6",25262783,25263699,"AAAG","LOC101928663(dist=1376),CARMIL1(dist=15675)","intergenic",9.94
"chr20",56744469,56745270,"AAAG","TFAP2C(dist=105187),BMP7(dist=423483)","intergenic",9.93
"chr10",132798678,132800075,"ACACCGCGCCTGAGCCCGGG","NKX6-2(dist=12531),CFAP46(dist=8317)","intergenic",9.91
"chr9",134476348,134476821,"AACTGGGACCTAGAGTGAGG","RXRA(dist=35762),COL5A1(dist=164982)","intergenic",9.88
"chr11",109501926,109502764,"AATATATATATATGG","C11orf87(dist=72759),ZC3H12C(dist=590628)","intergenic",9.88
"chr4",10135022,10135178,"AATCCCAATTGACGGAG","WDR1(dist=18223),ZNF518B(dist=304702)","intergenic",9.86
"chr14",105588942,105591439,"AGCCC","LOC105370697(dist=54625),MIR8071-1(dist=29677)","intergenic",9.85
"chr6",166020500,166021481,"ATATATATATATCC","LINC00602(dist=30885),LOC729681(dist=76239)","intergenic",9.83
"chr3",183106062,183106864,"AAAG","MCCC1(dist=6475),LAMP3(dist=15351)","intergenic",9.82
"chr18",80258044,80259049,"AACCCT","PARD6G(dist=10530),NONE(dist=NONE)","intergenic",9.82
"chr10",6345060,6346072,"ATCC","LINC02649(dist=9079),LINC02656(dist=4244)","intergenic",9.82
"chr4",183850280,183852959,"AAAGGATGAGGG","TRAPPC11(dist=136686),STOX2(dist=52348)","intergenic",9.81
"chr8",144989343,144989557,"AACCCT","ZNF252P","ncRNA_intronic",9.8
"chr6",170154222,170156001,"AACCCAGGACCCCTCTACAG","LOC100131532(dist=186544),LOC102724511(dist=4641)","intergenic",9.78
"chr14",54914994,54916012,"AAAAG","GCH1(dist=12168),WDHD1(dist=22937)","intergenic",9.77
"chr9",24546112,24546678,"AAAGG","IZUMO3(dist=215)","upstream",9.77
"chr12",2719441,2721344,"AC","CACNA1C(dist=21491),ITFG2-AS1(dist=21282)","intergenic",9.77
"chr3",13449727,13450245,"AAAAG","NUP210(dist=29405),HDAC11-AS1(dist=26743)","intergenic",9.76
"chr6",118741342,118741509,"AAAATAGAAT","CEP85L(dist=31267),SELENOKP3(dist=41199)","intergenic",9.76
"chr12",68276800,68277697,"AAAG","IL22(dist=23196),MDM1(dist=16869)","intergenic",9.75
"chr3",120872292,120873032,"AAAGC","LINC02049(dist=35935),STXBP5L(dist=35173)","intergenic",9.75
"chr5",63204098,63205528,"ACC","IPO11(dist=575509),HTR1A(dist=752348)","intergenic",9.75
"chr18",79770473,79771968,"ACGCCGTCCTCCCCTCC","CTDP1(dist=13848),KCNG2(dist=91700)","intergenic",9.74
"chr2",14126073,14127218,"AAAATAATTTAATT","LOC100506474(dist=1119060),LINC00276(dist=101656)","intergenic",9.7
"chr6",26747887,26748669,"AAG","ZNF322(dist=88135),GUSBP2(dist=122818)","intergenic",9.7
"chr9",102831408,102832488,"ACATATATATGATAT","LINC00587(dist=173899),CYLC2(dist=162845)","intergenic",9.68
"chr1",55662322,55662921,"ACACACACCGTGTAT","MIR4422HG(dist=428145),LINC01753(dist=252688)","intergenic",9.67
"chr6",19344384,19345260,"AAAG","LOC101928519(dist=163904),LOC105374960(dist=104561)","intergenic",9.65
"chr2",32916214,32916521,"AACCCT","LINC00486","ncRNA_intronic",9.64
"chr12",73099506,73100164,"AAGG","TRHDE(dist=428748),LINC02444(dist=59026)","intergenic",9.63
"chr10",127796845,127797970,"ACACCCTCCATCCATCCC","FOXI2(dist=55662),CLRN3(dist=79871)","intergenic",9.63
"chr19",43427114,43427667,"AAAAT","TEX101(dist=8499),LYPD3(dist=33120)","intergenic",9.62
"chr4",117018875,117020129,"AAAATATATATATATTG","MIR1973(dist=719107),TRAM1L1(dist=63425)","intergenic",9.62
"chr9",21914588,21914875,"AAGG","MTAP(dist=47507),CDKN2A-DT(dist=52264)","intergenic",9.62
"chr15",97124561,97125309,"AAAAT","SPATA8(dist=338946),LINC02254(dist=245062)","intergenic",9.61
"chr6",91470672,91471957,"AATACATATATAATATAT","MAP3K7(dist=883600),MIR4643(dist=49703)","intergenic",9.61
"chr20",13848306,13848863,"AAGGAG","SEL1L2(dist=384)","downstream",9.6
"chr1",41397019,41397509,"AAAAT","FOXO6(dist=13429),EDN2(dist=81266)","intergenic",9.57
"chr11",121765092,121765981,"AG","SORL1(dist=131329),MIR100HG(dist=262348)","intergenic",9.57
"chr1",219474945,219476048,"AAAGAGAGAGAG","LYPLAL1-AS1","ncRNA_intronic",9.56
"chr11",1659994,1661856,"ACACTCCCCACGGCCCTGTC","KRTAP5-5(dist=29065),FAM99B(dist=3741)","intergenic",9.55
"chr14",105709269,105712384,"AGCCC","ELK2AP(dist=36462),MIR4539(dist=145129)","intergenic",9.55
"chr7",27466384,27466906,"AGGGAT","EVX1(dist=218554),HIBADH(dist=58536)","intergenic",9.55
"chr4",104269398,104269960,"AAAGG","TACR3(dist=549413),CXXC4(dist=198350)","intergenic",9.51
"chr17",81022179,81023375,"ACCAGGGCGGGGGAGGGGCC","CHMP6(dist=22046),BAIAP2-DT(dist=5758)","intergenic",9.51
"chr1",1201110,1203231,"ACCCAGCCCCCAGCCCAGT","TNFRSF18(dist=277)","downstream",9.51
"chr10",70766902,70767947,"AAAG","ADAMTS14(dist=4463),TBATA(dist=3291)","intergenic",9.5
"chr6",168839401,168841309,"ACAGGGTGCTGATGAGG","SMOC2(dist=171409),LOC105378146(dist=86432)","intergenic",9.5
"chr5",135499849,135500623,"AAAAT","TIFAB(dist=47498),NEUROG1(dist=33659)","intergenic",9.49
"chrX",1682197,1682393,"AACGAGAG","ASMT(dist=39116),DHRSX(dist=537121)","intergenic",9.49
"chr2",106360106,106360789,"AAAAT","UXS1(dist=165805),ANAPC1P6(dist=8956)","intergenic",9.48
"chr3",84908329,84909199,"AAG","LINC02025(dist=14950),CADM2(dist=49790)","intergenic",9.48
"chr3",5788141,5789382,"AAATGCACAGGAAT","MIR4790(dist=537886),GRM7-AS3(dist=842976)","intergenic",9.47
"chr11",126065042,126065647,"AATACTATCACCTCTC","CDON(dist=1750),RPUSD4(dist=136447)","intergenic",9.47
"chr2",202368028,202368980,"AAAG","NOP58(dist=64367),BMPR2(dist=7347)","intergenic",9.45
"chr2",89817671,89823588,"AATGG","LOC101927050(dist=179764),LSP1P4(dist=1813095)","intergenic",9.43
"chr5",122767890,122769003,"AAGGAG","LINC02201(dist=37330),SNX2(dist=5993)","intergenic",9.4
"chr13",113875415,113877224,"ACACCACAGCGACACCC","GAS6-DT(dist=8583),LINC00454(dist=1405)","intergenic",9.4
"chr7",122287742,122288882,"AAG","AASS(dist=143493),FEZF1(dist=12422)","intergenic",9.34
"chr11",1669926,1671187,"ACACTGCCC","FAM99A(dist=2070),FAM99B(dist=12083)","intergenic",9.34
"chr3",184752606,184752978,"AAGAAGGTGGTGGGAG","LOC107986163(dist=13662),LINC02069(dist=3411)","intergenic",9.33
"chrX",2772956,2774235,"AAGGAAGGAGAGAGGG","XGY2","ncRNA_intronic",9.33
"chr13",95394712,95395432,"AAAGG","ABCC4(dist=93261),CLDN10(dist=38167)","intergenic",9.31
"chr5",163737500,163737946,"AAG","MAT2B(dist=218146),LINC02143(dist=710476)","intergenic",9.3
"chr9",14990858,14991913,"AAGATGGTGGGGCAAGGTGT","FREM1(dist=79863),LOC389705(dist=1414)","intergenic",9.26
"chr10",41873109,41885886,"AATGG","NONE(dist=NONE),LOC441666(dist=445980)","intergenic",9.24
"chr3",150822200,150822628,"ACCTCT","SIAH2(dist=59031),MINDY4B(dist=47748)","intergenic",9.24
"chr3",98652340,98653177,"AAAG","CPOX(dist=58729),ST3GAL6-AS1(dist=61156)","intergenic",9.23
"chr18",47523378,47523882,"AAAGGAAG","MIR4527HG","ncRNA_intronic",9.2
"chr10",56536859,56537247,"AAGGAG","ZWINT(dist=175586),MIR3924(dist=767232)","intergenic",9.2
"chr5",180657715,180659224,"ACAGAGGG","FLT4(dist=8115),LINC02222(dist=24872)","intergenic",9.19
"chr2",117057399,117058175,"AAAG","DPP10(dist=1211621),DDX18(dist=756516)","intergenic",9.17
"chr6",29795061,29796105,"AAAG","HLA-V","ncRNA_intronic",9.16
"chr11",57403169,57403751,"AAGAAGAGG","PRG2(dist=12519),SLC43A3(dist=3203)","intergenic",9.16
"chr6",32241931,32243188,"AAGG","NOTCH4(dist=17864),TSBP1-AS1(dist=11985)","intergenic",9.16
"chr2",122273663,122274448,"ACACGTGTATGC","TSN(dist=505811),LINC01826(dist=791708)","intergenic",9.15
"chr3",74659247,74660527,"AATATATACAGTATAT","CNTN3(dist=138107),MIR4444-1(dist=553949)","intergenic",9.14
"chr7",29644748,29645488,"ACACATATATATATATAT","LOC646762(dist=434)","downstream",9.14
"chr22",45079852,45080766,"ACCATCATC","PHF21B(dist=69847),NUP50-DT(dist=52992)","intergenic",9.08
"chr12",119919973,119920290,"ACCTCT","CIT(dist=42653),BICDL1(dist=68946)","intergenic",9.08
"chrX",151285627,151286721,"AAAG","GPR50(dist=104162),VMA21(dist=109874)","intergenic",9.06
"chr4_GL000008v2_random",1052,5504,"AATGG","NONE(dist=NONE),ANKRD20A12P(dist=156483)","intergenic",9.05
"chr18",73207532,73207992,"AAACATATATGTGTG","LINC02864","ncRNA_intronic",9.04
"chrX",30539514,30540318,"AAG","NR0B1(dist=230124),TASL(dist=18503)","intergenic",9.04
"chr1",2458753,2460079,"AAGGAGGACCACCAGC","PEX10(dist=44926),PLCH2(dist=7372)","intergenic",9.03
"chr9",87746074,87746905,"AAG","CTSL(dist=14605),CTSL3P(dist=26010)","intergenic",9
"chr11",77646379,77646834,"AAGGAG","CLNS1A(dist=8573),RSF1(dist=19395)","intergenic",9
"chr8",126414037,126414887,"AAAG","LOC101927657(dist=84504),LRATD2(dist=137556)","intergenic",8.99
"chr9",21914556,21915320,"AAAG","MTAP(dist=47475),CDKN2A-DT(dist=51819)","intergenic",8.99
"chr2",9112830,9113909,"AAGGATGCAGGGAGGATGGG","MBOAT2(dist=109146),ASAP2(dist=92856)","intergenic",8.98
"chr2",190385798,190386264,"AAAAT","INPP1(dist=14133),MFSD6(dist=21312)","intergenic",8.97
"chr4",140361867,140362462,"AAGGAG","SCOC-AS1","ncRNA_intronic",8.95
"chr1",54510240,54510951,"AAACC","SSBP3(dist=103846),ACOT11(dist=37277)","intergenic",8.94
"chr3",165498350,165499473,"AAAGG","LINC01322","ncRNA_intronic",8.92
"chr6",170457169,170460535,"ACAGGAGGAGCCCCTATCCC","FAM120B(dist=50098),PSMB1(dist=74585)","intergenic",8.92
"chr11",126064720,126065500,"AAGAGGTGGTAGTATT","CDON(dist=1428),RPUSD4(dist=136594)","intergenic",8.91
"chr20",22505126,22505516,"AAAG","LOC284788(dist=84483),LINC00261(dist=55038)","intergenic",8.9
"chr3",86335378,86336284,"AAAAT","CADM2(dist=260949),LINC02070(dist=145659)","intergenic",8.89
"chr21",46090215,46091613,"ACC","COL6A1(dist=85167),COL6A2(dist=6499)","intergenic",8.89
"chr1",109653750,109654389,"AAAG","AMPD2(dist=21695),GSTM4(dist=1710)","intergenic",8.85
"chr2",16017591,16018481,"AAGG","MYCN(dist=70588),GACAT3(dist=31946)","intergenic",8.84
"chr17",79893211,79894600,"ACCATCATCATCATCATC","CBX4(dist=53771),LINC01979(dist=20652)","intergenic",8.84
"chr19",17463198,17464356,"AAGGAG","NXNL1(dist=2272),SLC27A1(dist=6168)","intergenic",8.83
"chr2",151132956,151133833,"AAAG","LINC02612(dist=497599),RBM43(dist=114107)","intergenic",8.82
"chr8",1799058,1799681,"AAG","CLN8(dist=12488),MIR3674(dist=1444)","intergenic",8.82
"chr22",27727959,27729072,"AAAGG","LINC02554(dist=410119),MN1(dist=19205)","intergenic",8.81
"chr7",1271483,1272006,"ACACTATCCACCTCCCACAG","UNCX(dist=34157),MICALL2(dist=162353)","intergenic",8.81
"chr6",1204580,1206276,"ACCCACTCTATCCCAGC","LINC01622(dist=103248),FOXQ1(dist=105822)","intergenic",8.81
"chr7",128258262,128259025,"AAAG","LEP(dist=633)","downstream",8.79
"chr9",7332377,7333352,"AAAGG","KDM4C(dist=156729),DMAC1(dist=463148)","intergenic",8.79
"chr12",29090404,29091478,"AAAG","CCDC91(dist=540238),FAR2(dist=57800)","intergenic",8.77
"chr16",187183,187688,"AACAGCGACACGGGGGG","HBQ1(dist=6004),LUC7L(dist=1281)","intergenic",8.77
"chr19",57318842,57319935,"ACATATATAT","ZNF543(dist=537)","upstream",8.77
"chr1",59954753,59955608,"ATATATATATATCC","CYP2J2(dist=27980),C1orf87(dist=34786)","intergenic",8.77
"chr12",22879360,22880155,"AAATATAGAATATTCTATAG","ETNK1(dist=188695),LOC101928441(dist=295481)","intergenic",8.76
"chr8",120881837,120882495,"AAAG","SNTB1(dist=69791),HAS2(dist=729621)","intergenic",8.75
"chr19",13614844,13615675,"AAGTGGATATAGGCATCAAT","CACNA1A(dist=108365),CCDC130(dist=116077)","intergenic",8.75
"chr3",118647619,118648185,"AATAG","LOC105374060","ncRNA_intronic",8.74
"chr3",17148299,17149111,"AAAG","PLCL2(dist=57693),TBC1D5(dist=8051)","intergenic",8.67
"chr4",137322483,137322876,"AAGAGG","LINC02511(dist=109684),PCDH18(dist=196044)","intergenic",8.65
"chr4",164863816,164864769,"AAG","SMIM31(dist=60021),APELA(dist=12409)","intergenic",8.62
"chr13",27839090,27839817,"AAAAT","PLUT","ncRNA_intronic",8.61
"chr17",60569764,60570368,"AAAG","LINC01999","ncRNA_intronic",8.61
"chrX",419831,420449,"AAGGAAGGAAGGG","PPP2R3B(dist=32924),SHOX(dist=203895)","intergenic",8.61
"chr7",131828400,131829288,"AAAG","PODXL(dist=271772),LOC101928782(dist=80932)","intergenic",8.6
"chr2",89824089,89834740,"AATGG","LOC101927050(dist=186182),LSP1P4(dist=1801943)","intergenic",8.59
"chr18",24938631,24939943,"AAATTTACATGTATAT","LINC01894","ncRNA_intronic",8.58
"chr16",27137929,27140019,"ACC","C16orf82(dist=68763),KDM8(dist=63507)","intergenic",8.57
"chr1",28246640,28247589,"AAAG","ATP5IF1(dist=8535),SESN2(dist=11929)","intergenic",8.56
"chr4",180244479,180245449,"AAAG","NONE(dist=NONE),LINC00290(dist=818641)","intergenic",8.55
"chr6",156190942,156191725,"AAAGG","MIR1202(dist=244063),SNORD28B(dist=187025)","intergenic",8.55
"chr4",7115095,7116170,"ACCTCCTCCTC","LINC02447(dist=11719),SORCS2(dist=76368)","intergenic",8.55
"chr11",26873819,26874525,"AAAG","SLC5A12(dist=151759),FIBIN(dist=119587)","intergenic",8.53
"chr11",32503244,32504249,"AAAG","WT1-AS(dist=44475),EIF3M(dist=79582)","intergenic",8.52
"chrX",2773285,2773926,"AAGGAGAGAAGGGAGG","XGY2","ncRNA_intronic",8.52
"chrX",152019209,152020198,"AAAG","GABRE(dist=44533),MAGEA10-MAGEA5(dist=93851)","intergenic",8.51
"chr4",137322482,137322951,"AAGAAGAGG","LINC02511(dist=109683),PCDH18(dist=195969)","intergenic",8.49
"chr19",6995321,6995908,"ACCACCACCATCGCC","ADGRE4P(dist=4475),FLJ25758(dist=9045)","intergenic",8.49
"chr5",43062759,43063653,"AAAG","LOC648987","ncRNA_intronic",8.48
"chr11",100624464,100625969,"AATATGTGTATATATGT","CNTN5(dist=265579),ARHGAP42-AS1(dist=58192)","intergenic",8.48
"chr4",4263442,4264098,"AAAGAAAGG","TMEM128(dist=15200),LYAR(dist=3603)","intergenic",8.47
"chr10",133013044,133014096,"AAGAATGAGGAAGCCGAGG","LINC01168(dist=36547),ADGRA1-AS1(dist=71153)","intergenic",8.46
"chr6",73215156,73216430,"AATATATACATACAT","KCNQ5(dist=16303),KHDC1L(dist=7115)","intergenic",8.46
"chr1",4632097,4633751,"ACACAGC","LINC01646(dist=48393),AJAP1(dist=20858)","intergenic",8.46
"chr15",35801069,35802060,"AAG","DPH6-DT","ncRNA_intronic",8.43
"chr9",12677574,12678233,"AAAAT","PTPRD-AS2(dist=2057154),TYRP1(dist=15152)","intergenic",8.42
"chr19",9076894,9077940,"AAGACATCTACCCTGGCCGG","MUC16(dist=95552),OR1M1(dist=15305)","intergenic",8.42
"chr7",90045223,90045692,"ACATATATAT","STEAP2-AS1","ncRNA_intronic",8.4
"chr11",122082468,122083401,"AAAG","MIR100HG","ncRNA_intronic",8.38
"chr19",32018647,32019729,"AAAG","THEG5(dist=424866),LINC01533(dist=6133)","intergenic",8.37
"chrX",40556816,40557837,"AAAG","LOC101927476(dist=269095),ATP6AP2(dist=23133)","intergenic",8.36
"chr7",91729133,91729357,"AAGGG","FZD1(dist=457807),MTERF1(dist=141584)","intergenic",8.36
"chr6",142999780,143000549,"AAAAT","LINC01277","ncRNA_intronic",8.35
"chr18",23680764,23681814,"AAAG","ANKRD29(dist=17853),LAMA3(dist=7639)","intergenic",8.35
"chr6",46743810,46744930,"AAG","PLA2G7(dist=8117),ANKRD66(dist=1987)","intergenic",8.35
"chr1",247361638,247362298,"AATATATATGTCACATATAT","LOC107985115","ncRNA_intronic",8.35
"chr11",1670104,1670636,"ACACTACCCACACTATCC","FAM99A(dist=2248),FAM99B(dist=12634)","intergenic",8.35
"chr1",246519479,246522229,"ACGCTCCCTAGATGAGCC","LINC01743","ncRNA_intronic",8.35
"chr7",103159823,103161301,"AAATGGTGAGGGGCACTGGG","NAPEPLD(dist=10724),DPY19L2P2(dist=13714)","intergenic",8.31
"chr11",110930322,110931247,"ATCGC","ARHGAP20(dist=217133),LINC02550(dist=160685)","intergenic",8.31
"chr10",29002847,29003553,"AAAAT","C10orf126(dist=120950),LYZL1(dist=285517)","intergenic",8.3
"chr6",833643,834814,"AAGG","EXOC2(dist=140504),LOC101927691(dist=33684)","intergenic",8.3
"chr19",13185017,13185307,"ACACACGTATGTATACGTAT","IER2(dist=30106),CACNA1A(dist=21136)","intergenic",8.29
"chr10",30432978,30433238,"AG","MAP3K8(dist=783)","upstream",8.29
"chr2",172237405,172238130,"AAGGAG","DLX2-DT(dist=127423),ITGA6(dist=189206)","intergenic",8.28
"chrY",11290628,11296261,"AATGG","TTTY23(dist=1378666),GYG2P1(dist=1109855)","intergenic",8.25
"chr10",793124,794787,"AATGTCGGTCCTACCC","DIP2C(dist=103456),LARP4B(dist=12127)","intergenic",8.25
"chr4",132341633,132342809,"ACATGTATACGTATAT","SNHG27(dist=550151),LINC01256(dist=248280)","intergenic",8.24
"chr7",70872268,70872713,"AGGG","AUTS2(dist=78762),GALNT17(dist=259431)","intergenic",8.24
"chr15",89663078,89664288,"ACAGAGTCAGCTCCAGGGCC","PLIN1(dist=82)","downstream",8.23
"chr4",10135063,10135382,"AATTGATGGAGCATCCC","WDR1(dist=18264),ZNF518B(dist=304498)","intergenic",8.2
"chr20",38193981,38195160,"ATCC","TGM2(dist=27473),KIAA1755(dist=15343)","intergenic",8.2
"chr18",72353892,72354914,"AAAG","LINC01899(dist=571666),CBLN2(dist=181767)","intergenic",8.18
"chr7",4570826,4571323,"ACATATACATATGTATAT","SDK1(dist=301827),FOXK1(dist=110972)","intergenic",8.16
"chr10",37067954,37068910,"AAAGAGAG","PCAT5(dist=1267034),ANKRD30A(dist=56947)","intergenic",8.15
"chr1",2458608,2460090,"AAGGAGGACCACCAGG","PEX10(dist=44781),PLCH2(dist=7361)","intergenic",8.15
"chr11",110930299,110931105,"AGCAT","ARHGAP20(dist=217110),LINC02550(dist=160827)","intergenic",8.15
"chr9",15126166,15127486,"AGG","LOC389705(dist=106442),TTC39B(dist=36136)","intergenic",8.15
"chr1",2819745,2820714,"AATTACCGCTCAGCCCG","TTC34(dist=18877),ACTRT2(dist=200753)","intergenic",8.14
"chr2",104823727,104824880,"ACC","PANTR1","ncRNA_intronic",8.14
"chr13",27990076,27991691,"ACCTAT","URAD(dist=1383),FLT3(dist=11583)","intergenic",8.13
"chrX",676470,676891,"AAAAT","SHOX(dist=17059),CRLF2(dist=513599)","intergenic",8.12
"chr14",52223316,52224165,"AGATAT","NID2(dist=154257),PTGDR(dist=43533)","intergenic",8.12
"chr4",124490397,124491456,"AAG","LINC01091(dist=559616),LINC02516(dist=8486)","intergenic",8.1
"chr21",22451085,22452227,"AAGG","LINC00308(dist=334557),MIR6130(dist=627057)","intergenic",8.1
"chr2",1779023,1781224,"ACCAGCAGAGCCTC","PXDN(dist=34508),MYT1L(dist=7889)","intergenic",8.05
"chr17",43408310,43408921,"AAAAG","ARL4D(dist=7173),MIR2117HG(dist=35786)","intergenic",8.03
"chr6",126816237,126816899,"AAAG","MIR588(dist=331524),RSPO3(dist=301772)","intergenic",8.02
"chr4",12952685,12953369,"AAAAT","LINC02270(dist=701400),RAB28(dist=414354)","intergenic",8.01
"chr2",66073580,66074614,"AAAG","SPRED2(dist=640981),MIR4778(dist=283635)","intergenic",8.01
"chr4",83520549,83521545,"AAAG","ABRAXAS1(dist=35449),GPAT3(dist=14369)","intergenic",8.01
"chr22",22120485,22121069,"AAATAACTATTT","PRAMENP(dist=76551),VPREB1(dist=123717)","intergenic",8.01
