"repeatunit","gene","n"
"C","LINC00486",348
"C","SETD3",348
"C","LINC01850",344
"C","EFHC2",341
"A","IGF2R",340
"A","LINC02425",333
"C","LINC02178",331
"AGCCCC","ARMCX4",316
"C","SYPL1",313
"C","DESI1",300
"AGCCC","MIR8071-1",297
"A","LINGO1",294
"A","GCSH",273
"C","ACSL3",250
"A","NLGN4Y",240
"AGCAT","STX18-AS1",239
"A","SLC26A3",225
"C","CRB1",204
"C","TMEM216",183
"AGC","ATXN3",181
"AC","RAB5IF",158
"AATAGG","PAWR",156
"C","RAE1",138
"ACC","HS6ST1",130
"C","PASD1",130
"AG","LOC107987293",129
"C","LINC01744",128
"AACAG","BOC",113
"A","SPOCK3",112
"AAAAG","IQCB1",112
"AAAAG","RFC1",110
"AAATG","DPEP3",108
"AAAAG","KCNH7",105
"AGC","CA10",98
"A","LINC00486",92
"A","CWH43",88
"AGGG","KANK1",88
"AGCAT","LINC02550",87
"AAAAG","RIPOR3",85
"AGGAT","LINC02147",83
"AAG","PHLDB2",78
"AGGAT","SLC6A11",76
"A","MYLK3",71
"ACACAT","ELOVL6",69
"ACTAT","LOC101927483",69
"AAAAG","IZUMO3",68
"AACAT","LRRC20",67
"A","LOC105374701",64
"A","DDX18",60
"AAAGT","ST7",59
"AAAAG","ZNF652",57
"A","NEXMIF",56
"A","NXPH1",56
"AAAAG","LINC02661",56
"AGCAT","SHROOM3",54
"A","SCN8A",53
"A","REREP2Y",51
"AAAAG","GCH1",50
"AAACC","LOC105377448",50
"AGG","PLXNA4",50
"AC","SRFBP1",47
"AG","TEX13C",47
"AAACT","LPP",46
"AATAG","CALCOCO2",46
"AACAG","PARD3",44
"A","KMT2CP4",43
"A","MTMR8",43
"AAAAG","NWD1",43
"AGG","LOC102723798",43
"AAACT","MTHFD2",40
"A","PIGN",39
"AAAAAC","LOC107986064",39
"AAAAG","AKR1B10",39
"ACCTCC","LOC105371024",39
"A","LOC105377356",38
"AAATAT","MIDEAS-AS1",38
"C","SCML1",38
"AAAAG","ARHGAP6",37
"A","LINC02479",35
"C","ALLC",34
"A","DENND2A",33
"A","PRAG1",33
"AAAAAT","KALRN",33
"AC","STRN",33
"A","MIR325HG",32
"A","DACH2",31
"AAAAC","LINC02463",31
"AAGAG","DNAJC12",31
"ACTAT","LOC107986816",31
"A","COL15A1",30
"A","LINC01911",30
"A","LINC02613",29
"AACAT","ZNF160",29
"AGC","LOC102724479",29
"C","KIF5B",29
"AAAAG","LOC101929599",28
"AG","TLL2",27
"A","HMHB1",26
"ACTC","POLG",26
"A","CDYL",25
"A","ZNF385D",25
"ACT","ANKAR",25
"AGGC","ADAM17",25
"A","LINC02103",24
"A","LINC02438",24
"A","LINC02997",24
"A","PRRG3",24
"A","CPXCR1",23
"A","KLHL13",23
"A","RASGEF1B",23
"A","ALCAM",22
"A","LOC105375473",22
"A","LOC105375751",22
"A","RASGRP3",22
"AAAAC","PTPRJ",22
"ACTCC","LOC105379273",22
"AGG","SLC24A3",22
"C","FER1L6-AS2",22
"A","AGMO",21
"AGCAT","FRMPD4",21
"A","BAGE2",20
"ACC","SCAF4",20
"AAAAG","WWOX",19
"AGC","PLXNA2",19
"A","CCSER1",18
"A","DOCK3",18
"A","KCNJ6",18
"A","MROH1",18
"A","NREP",18
"AAAAG","SERPINA7",18
"AGATG","LINC00499",18
"A","ERI1",17
"A","GPM6B",17
"A","SUPT20HL2",17
"AC","UBAP1",17
"ACATC","GNA12",17
"ATCC","KIAA1755",17
"ATCCC","LINC01591",17
"A","ETF1",16
"A","LOC105370829",16
"A","RNF2",16
"AACAG","TRIOBP",16
"AGC","PCDH7",16
"A","CCDC85A",15
"A","CYP4F12",15
"A","LOC105370462",15
"A","NKAIN2",15
"A","PCNX2",15
"A","VRK2",15
"A","WTAP",15
"A","ZIM2-AS1",15
"AACCT","NAA15",15
"AAG","NEXN-AS1",15
"ACT","LINC02885",15
"AGGG","LOC102724382",15
"A","LINC00709",14
"A","NBPF7P",14
"A","PRR20A",14
"A","SLC16A7",14
"A","TAFA1",14
"AAAAG","LINC00654",14
"AAGGT","LOC105373335",14
"AC","MCM5",14
"A","BCL2",13
"A","CYSLTR1",13
"A","LINC01846",13
"A","TINAG",13
"AAAAC","NSG1",13
"AAGGAG","NXNL1",13
"AATAT","ALG1L9P",13
"AC","TXLNG",13
"AGGGCG","LAMA5",13
"A","LINC00448",12
"A","LINC02156",12
"A","MIR548AB",12
"AACGT","PGAM1P5",12
"AATAC","LINC00397",12
"A","ACCSL",11
"A","LOC105374813",11
"A","LOC107986841",11
"A","MARCHF3",11
"A","MIR1269A",11
"A","SLC15A2",11
"A","SRSF6",11
"A","SYNDIG1",11
"A","TSC22D1",11
"AACAT","NDUFB2",11
"ACACT","TIMM44",11
"ACCTCC","RTEL1",11
"AGGGGC","GREB1",11
"A","ANTXR2",10
"A","ARMH3",10
"A","COL6A3",10
"A","CTTNBP2",10
"A","DEFB116",10
"A","LINC01029",10
"A","LINC01111",10
"A","LINC01411",10
"A","LINGO2",10
"A","LOC105372045",10
"A","LOC105374265",10
"A","PLEKHM3",10
"A","PTCHD4",10
"A","TMEM87B",10
"A","TRIO",10
"AACAG","LOC101928523",10
"ACAG","LSAMP",10
"ACC","LOC730100",10
"AG","ANAPC7",10
"AGGGGC","MIR8071-2",10
"C","KLF15",10
"C","LINC01804",10
"C","PRR20D",10
"A","ARHGAP15",9
"A","BPTF",9
"A","CSE1L",9
"A","EFR3A",9
"A","EMB",9
"A","FMN2",9
"A","HTR2C",9
"A","KIAA1109",9
"A","LINC01500",9
"A","MIB1",9
"A","OR1L6",9
"A","PAM",9
"A","RERGL",9
"A","TBX18",9
"A","TMEM230",9
"A","XACT",9
"A","XPNPEP1",9
"A","ZCCHC12",9
"AAAAG","ALPL",9
"ACCTCT","MTA3",9
"AGGGAT","LOC400682",9
"A","ADAM28",8
"A","BRINP3",8
"A","DMD",8
"A","IPO11",8
"A","LINC00922",8
"A","LOC101927947",8
"A","LOC105375630",8
"A","LOC105379301",8
"A","NUP214",8
"A","PCLO",8
"A","PTCHD1-AS",8
"A","RIMS2",8
"A","SETD3",8
"A","SHH",8
"A","SLC22A25",8
"A","TEAD1",8
"AAAAT","LINC02165",8
"AAAGG","ERI1",8
"AAG","DMD",8
"AAG","LINC01448",8
"AC","COLEC11",8
"AC","LSG1",8
"AC","MFSD14C",8
"ACACAT","RAD51AP2",8
"ACGGAG","MAP4",8
"ACTAT","ADRA2C",8
"AGC","MCF2L",8
"ATCCC","NT5DC3",8
"C","AKIRIN2",8
"C","SKIDA1",8
"A","AKR1D1",7
"A","AREL1",7
"A","CIBAR1-DT",7
"A","DPYD",7
"A","DTWD2",7
"A","EPHX4",7
"A","FAM13A",7
"A","GSC",7
"A","IL6-AS1",7
"A","JAZF1",7
"A","LINC01950",7
"A","LINC02654",7
"A","LINC02742",7
"A","LOC105372912",7
"A","LOC105376982",7
"A","LRRC4B",7
"A","MAGI2",7
"A","MDGA2",7
"A","MIR8054",7
"A","NAMA",7
"A","NGF",7
"A","PKHD1L1",7
"A","PRKCA",7
"A","RBFOX1",7
"A","SNX19",7
"A","SNX29",7
"A","VPS13B",7
"A","ZNF277",7
"AAAAG","FAM156A",7
"AAAAG","LINC01599",7
"AAAAG","SCARB1",7
"AAAAG","WIF1",7
"AACGC","LOC101929007",7
"AATAT","PWRN1",7
"ACC","C17orf67",7
"ACC","LOC105374645",7
"AGC","ATXN8OS",7
"AGC","TCF4",7
"C","LINC02377",7
"A","AKAP13",6
"A","ATL2",6
"A","CYLC1",6
"A","DOCK4",6
"A","ECRG4",6
"A","ERBB4",6
"A","GPR174",6
"A","GRIA3",6
"A","GSE1",6
"A","HEPH",6
"A","KCNS3",6
"A","LINC01582",6
"A","LINC02502",6
"A","LOC101927237",6
"A","LOC101927708",6
"A","LOC105373335",6
"A","LOC107984123",6
"A","LOC112268466",6
"A","LPP",6
"A","LRCH1",6
"A","LRP1B",6
"A","MT1F",6
"A","PAK1",6
"A","PCDH11X",6
"A","PEMT",6
"A","POPDC2",6
"A","RAB3GAP2",6
"A","RCOR1",6
"A","RYR2",6
"A","SCN2A",6
"A","SMARCC1",6
"A","SNRPG",6
"A","SPARCL1",6
"A","USP48",6
"A","ZFP42",6
"AAAAC","LINC01572",6
"AAAAG","ARHGEF3",6
"AAAGG","IFNL3",6
"AACAT","PPP4R2",6
"AATAC","UBR3",6
"AATAG","LOC107985767",6
"AC","GLI2",6
"AC","SUSD2",6
"AGAGG","NT5C1A",6
"AGG","NBDY",6
"C","NGB",6
"A","ABCB7",5
"A","ABI3BP",5
"A","ADAM19",5
"A","C8orf34",5
"A","CFAP299",5
"A","CHEK2P2",5
"A","CHODL",5
"A","CLYBL",5
"A","CRACR2A",5
"A","CSMD1",5
"A","DKK2",5
"A","FAM41AY1",5
"A","FAT3",5
"A","FTMT",5
"A","HSFY2",5
"A","LINC00376",5
"A","LINC00703",5
"A","LINC01747",5
"A","LINC01912",5
"A","LINC02106",5
"A","LINC02326",5
"A","LINC03017",5
"A","LOC105373345",5
"A","LOC105374027",5
"A","LOC105374961",5
"A","LOC105377188",5
"A","LOC112268026",5
"A","LOC389602",5
"A","ME1",5
"A","MED13L",5
"A","MUC13",5
"A","NLGN1",5
"A","PABPC1L2B-AS1",5
"A","PIP4K2A",5
"A","POLA1",5
"A","PPP4R1",5
"A","PRKCH",5
"A","PTPN4",5
"A","SELENOI",5
"A","SF3B1",5
"A","SLBP",5
"A","SLC26A7",5
"A","SLC33A1",5
"A","SMIM31",5
"A","SNHG26",5
"A","SOX2-OT",5
"A","SPATA31D3",5
"A","TAF13",5
"A","TRAPPC2",5
"A","UTY",5
"AAAAG","CLDN24",5
"AAAAG","RANBP2",5
"AAACC","SMIM12",5
"AAAGAG","DLG2",5
"AAAGG","DMGDH",5
"AAAGG","MID2",5
"AACAG","PLXNA4",5
"AAG","RNF150",5
"AAG","SNX6",5
"AAGGGG","SLCO4A1",5
"AAGGGG","TMC3-AS1",5
"AATAT","MIR3171HG",5
"AC","AVPI1",5
"AC","CREBBP",5
"AG","MIR548AP",5
"AGAT","ADCYAP1",5
"AGAT","LINC00366",5
"AGATG","NT5DC3",5
"AGC","LRRC7",5
"A","AGBL1",4
"A","AP4E1",4
"A","ATAD2B",4
"A","BBX",4
"A","BCOR",4
"A","CCDC198",4
"A","CERS4",4
"A","CLTA",4
"A","CMSS1",4
"A","COL22A1",4
"A","CPED1",4
"A","CTNNA3",4
"A","CTPS2",4
"A","DDX19A",4
"A","DIP2A",4
"A","DIP2C",4
"A","DNAH5",4
"A","DPY19L2",4
"A","DUXAP8",4
"A","FAT4",4
"A","GABRA6",4
"A","GNA13",4
"A","KATNA1",4
"A","KLHL29",4
"A","LEMD3",4
"A","LGSN",4
"A","LINC00333",4
"A","LINC00380",4
"A","LINC00433",4
"A","LINC01646",4
"A","LINC01807",4
"A","LINC01830",4
"A","LINC01832",4
"A","LINC01945",4
"A","LINC02163",4
"A","LINC02759",4
"A","LINC02934",4
"A","LOC101928923",4
"A","LOC105371356",4
"A","LOC105371739",4
"A","LOC105373146",4
"A","LOC105374914",4
"A","LOC105378486",4
"A","LRBA",4
"A","MGA",4
"A","MIR3924",4
"A","MLIP",4
"A","MUC19",4
"A","NCOA2",4
"A","NCOA7",4
"A","NEPRO-AS1",4
"A","NFATC3",4
"A","NLRP2B",4
"A","PHEX",4
"A","PIGU",4
"A","PTN",4
"A","PTPN12",4
"A","RABGAP1L",4
"A","RALYL",4
"A","RNLS",4
"A","SEMA6D",4
"A","SIK3",4
"A","SLC6A12",4
"A","SMARCAD1-DT",4
"A","SNTN",4
"A","TICRR",4
"A","TMEM135",4
"A","TMEM150C",4
"A","USP33",4
"A","USP9Y",4
"AAAAC","C16orf46",4
"AACAT","ELF2",4
"AACC","HTR1D",4
"AAG","C8orf86",4
"AAG","LINC02511",4
"AAGC","SPNS3",4
"AAT","CSNK1G3",4
"AATAT","SEMA6D",4
"ACATAG","LINC02103",4
"ACTCT","TMED2-DT",4
"AGAGAT","GPR88",4
"AGC","ADGRL2",4
"AGGG","RBFOX1",4
"A","ABCB10",3
"A","ADAMTS20",3
"A","ADAMTS9-AS2",3
"A","ADK",3
"A","ALG10B",3
"A","ALOX12-AS1",3
"A","ARFIP1",3
"A","ATP5PF",3
"A","ATP8B5P",3
"A","ATXN7",3
"A","BABAM2",3
"A","C11orf87",3
"A","C6",3
"A","CABP5",3
"A","CACNA2D1",3
"A","CACNA2D3",3
"A","CAPN9",3
"A","CASC18",3
"A","CASC20",3
"A","CCDC186",3
"A","CCNT2-AS1",3
"A","CDC42BPA",3
"A","CDH13",3
"A","CNIH3",3
"A","COG6",3
"A","CSMD3",3
"A","DISC1",3
"A","DMXL2",3
"A","DPP6",3
"A","DTL",3
"A","ENPP7",3
"A","ERC1",3
"A","FADD",3
"A","FAM118B",3
"A","FGR",3
"A","FMN1",3
"A","GCNT3",3
"A","GLG1",3
"A","GYS1",3
"A","HCN1",3
"A","HIPK3",3
"A","HSFY1",3
"A","INSYN1",3
"A","INTS12",3
"A","KDM5D",3
"A","KSR1",3
"A","LARGE1",3
"A","LINC00276",3
"A","LINC00370",3
"A","LINC00440",3
"A","LINC00491",3
"A","LINC00587",3
"A","LINC01243",3
"A","LINC01249",3
"A","LINC01515",3
"A","LINC01609",3
"A","LINC01826",3
"A","LINC02270",3
"A","LOC101927026",3
"A","LOC101928201",3
"A","LOC101928523",3
"A","LOC105372896",3
"A","LOC105373401",3
"A","LOC105373522",3
"A","LOC105373854",3
"A","LOC105373895",3
"A","LOC105374438",3
"A","LOC105375553",3
"A","LOC105375976",3
"A","LOC107986021",3
"A","LOC107986182",3
"A","LOC107986908",3
"A","LRFN3",3
"A","MACROD2",3
"A","MANEA",3
"A","MFSD14A",3
"A","MFSD14C",3
"A","MIR138-1",3
"A","MIR3166",3
"A","MIR4299",3
"A","MIR548A1HG",3
"A","MRI1",3
"A","NCAPD2",3
"A","OR52M1",3
"A","PARD3",3
"A","PATJ",3
"A","PBDC1",3
"A","PIK3CB",3
"A","PJA2",3
"A","PLEKHA5",3
"A","PPP1CB",3
"A","PPP1R2B",3
"A","PRKG1",3
"A","PSLNR",3
"A","PSMB4",3
"A","PXYLP1",3
"A","RAB12",3
"A","RAP1B",3
"A","RP1L1",3
"A","SDHC",3
"A","SEMA3A",3
"A","SLC41A3",3
"A","SMYD3",3
"A","SPSB1",3
"A","SREK1",3
"A","TBC1D21",3
"A","TBL1XR1",3
"A","TRIM9",3
"A","TRPM3",3
"A","ZFPM2",3
"A","ZNF33A",3
"AAAACC","ZNF767P",3
"AAAAG","ARHGAP28",3
"AAAAG","LILRB3",3
"AAAAG","MTSS1",3
"AAAAG","RFLNA",3
"AAAAG","RGPD8",3
"AAACC","LOC105378735",3
"AAAG","CD300A",3
"AAAG","REPS2",3
"AAAGG","LINC01565",3
"AAAGT","DLGAP1",3
"AAAT","LOC105378333",3
"AACAC","NAALADL2",3
"AACAG","GNAQ",3
"AAT","GPR149",3
"AATAC","LOC105376121",3
"AATAG","BICC1",3
"AC","CEMIP",3
"AC","ELMO2",3
"AC","NUCB2",3
"AC","PIGQ",3
"AC","YJU2",3
"ACAGG","DERA",3
"ACTCT","NBEA",3
"AGAGGC","H1-0",3
"AGATAT","LINC02718",3
"AGATAT","PHF24",3
"AGATAT","PLXNA4",3
"AGATAT","SGO2",3
"AGGC","CNBP",3
"AGGC","GABRR1",3
"AGGC","LOC644135",3
"AGGC","WNT5B",3
"AGGG","COX4I1",3
"AGGGGC","TMEM121",3
"ATCCC","SLC6A1",3
"CCCCGG","ZFYVE28",3
"A","ABI1",2
"A","ADAM22",2
"A","ADAM29",2
"A","ADAT1",2
"A","ADCK1",2
"A","ADGRB3-DT",2
"A","ADSS2",2
"A","AHCY",2
"A","ARHGEF12",2
"A","ATP6V0A1",2
"A","ATRX",2
"A","AUTS2",2
"A","BBS5",2
"A","BCKDHB",2
"A","BRWD3",2
"A","C1QTNF3",2
"A","CADPS",2
"A","CAPRIN1",2
"A","CBFA2T2",2
"A","CBX3",2
"A","CCT8L2",2
"A","CD83",2
"A","CEACAM22P",2
"A","CEACAM5",2
"A","CLIC4",2
"A","CMTM2",2
"A","COCH",2
"A","CT83",2
"A","CTNNA2",2
"A","CXCL13",2
"A","CYTH4",2
"A","DDX10",2
"A","DENND1A",2
"A","DHX35",2
"A","DLAT",2
"A","DNAJC18",2
"A","DNASE1",2
"A","DNMT3A",2
"A","DOCK2",2
"A","DSCAM",2
"A","EFCAB6",2
"A","EFCAB8",2
"A","EIF4B",2
"A","EPS15-AS1",2
"A","ERP44",2
"A","ESRRB",2
"A","EYS",2
"A","FAM13B",2
"A","FAM87A",2
"A","FAM90A1",2
"A","FGF7",2
"A","GALNT11",2
"A","GAS2L3",2
"A","GRIK4",2
"A","IQCA1",2
"A","IQCH",2
"A","ISL1",2
"A","JMJD1C",2
"A","KCNB2",2
"A","KDM6A",2
"A","KIAA1328",2
"A","KMT2C",2
"A","LINC00410",2
"A","LINC00461",2
"A","LINC00907",2
"A","LINC01037",2
"A","LINC01091",2
"A","LINC01098",2
"A","LINC01256",2
"A","LINC01297-DUXAP10-NBEAP6",2
"A","LINC01470",2
"A","LINC01603",2
"A","LINC01949",2
"A","LINC01994",2
"A","LINC02059",2
"A","LINC02100",2
"A","LINC02141",2
"A","LINC02180",2
"A","LINC02300",2
"A","LINC02304",2
"A","LINC02310",2
"A","LINC02319",2
"A","LINC02328",2
"A","LINC02402",2
"A","LINC02667",2
"A","LINC02703",2
"A","LINC02718",2
"A","LINC02755",2
"A","LOC101927608",2
"A","LOC101929599",2
"A","LOC101929898",2
"A","LOC105371308",2
"A","LOC105371348",2
"A","LOC105371662",2
"A","LOC105371894",2
"A","LOC105372733",2
"A","LOC105373294",2
"A","LOC105373349",2
"A","LOC105373370",2
"A","LOC105375001",2
"A","LOC105375387",2
"A","LOC105375909",2
"A","LOC105376556",2
"A","LOC105377158",2
"A","LOC105377557",2
"A","LOC105378880",2
"A","LOC105379080",2
"A","LOC105379292",2
"A","LOC105379364",2
"A","LOC107985116",2
"A","LOC107986179",2
"A","LOC339166",2
"A","LOC401478",2
"A","LUC7L2",2
"A","MAPK3",2
"A","MAST2",2
"A","ME2",2
"A","MEAT6",2
"A","MELK",2
"A","MICAL3",2
"A","MIR4443",2
"A","MIR924HG",2
"A","MROH9",2
"A","MTR",2
"A","MTUS2",2
"A","NBPF15",2
"A","NDUFS5",2
"A","NGLY1",2
"A","NLRP8",2
"A","NPBWR1",2
"A","NRG1",2
"A","NRG3",2
"A","NRXN1",2
"A","NUP58",2
"A","OR52Z1P",2
"A","PAFAH2",2
"A","PAN3",2
"A","PBX1",2
"A","PCDH11Y",2
"A","PCGEM1",2
"A","PGAP1",2
"A","PGGT1B",2
"A","PIAS1",2
"A","PIBF1",2
"A","PIK3R4",2
"A","PLD5",2
"A","PNPT1",2
"A","PPP4R3A",2
"A","PPWD1",2
"A","PRRX1",2
"A","PTPRD",2
"A","RB1CC1",2
"A","RBSN",2
"A","RDX",2
"A","RHD",2
"A","RIMS3",2
"A","RNF150",2
"A","RPS12",2
"A","RPS6KA2",2
"A","S1PR1",2
"A","SAP130",2
"A","SH3GL2",2
"A","SIPA1L1",2
"A","SLC25A48",2
"A","SLC47A1",2
"A","SMG6",2
"A","SNAP25-AS1",2
"A","SND1",2
"A","SNTG2-AS1",2
"A","SORCS1",2
"A","SORCS3",2
"A","SPDYC",2
"A","SRPK1",2
"A","SSBP3",2
"A","STAG1",2
"A","STRN",2
"A","SYNE1",2
"A","SYNE2",2
"A","SYT1",2
"A","SYT4",2
"A","TEMN3-AS1",2
"A","TMEM131",2
"A","TMEM245",2
"A","TNFRSF10A",2
"A","TNN",2
"A","TOB2",2
"A","TOPAZ1",2
"A","TRIM14",2
"A","TRIM61",2
"A","TTC28",2
"A","TWF1",2
"A","UHRF2",2
"A","VGLL3",2
"A","VPS13A",2
"A","WT1",2
"A","WTAPP1",2
"A","XG",2
"A","ZC4H2",2
"A","ZFAND3",2
"A","ZNF208",2
"A","ZNF568",2
"A","ZNF587",2
"A","ZNF724",2
"A","ZNF804B",2
"A","ZSWIM2",2
"AAAAAC","RASAL3",2
"AAAAC","LOC107985927",2
"AAAAC","SUSD5",2
"AAAAG","AMPD3",2
"AAAAG","ARHGEF28",2
"AAAAG","ARL4D",2
"AAAAG","C11orf71",2
"AAAAG","CDRT4",2
"AAAAG","MBLAC1",2
"AAAAT","CEP85L",2
"AAAG","CHD6",2
"AAAG","HSPA12A",2
"AAAG","IPO11",2
"AAAG","JAKMIP2",2
"AAAG","LMTK2",2
"AAAG","MEG3",2
"AAAG","NOVA1-DT",2
"AAAGC","LOC105374069",2
"AAAGG","PLXNA4",2
"AAATG","KCNJ2",2
"AACAT","TRAK1",2
"AACGG","LINC01777",2
"AAG","APBB2",2
"AAG","GRIK2",2
"AAG","IGF1",2
"AAG","LINC03017",2
"AAG","LOC112267892",2
"AAG","LOC112268123",2
"AATAG","LOC105374060",2
"AATAT","LOC105369308",2
"AATAT","LOC107985474",2
"AATAT","MIR633",2
"AATTC","CPA6",2
"AC","CASC3",2
"AC","CTTNBP2",2
"AC","DONSON",2
"AC","FAM86EP",2
"AC","MAP3K12",2
"AC","MDGA1",2
"AC","PGM5P3-AS1",2
"AC","SERBP1",2
"AC","TACR1",2
"ACATAT","LOC105376832",2
"ACC","MIR4471",2
"ACCC","TECPR1",2
"ACCCTG","COL6A2",2
"ACCTAT","URAD",2
"ACGGAG","COLEC11",2
"ACT","L3MBTL4",2
"ACTAG","PPFIBP2",2
"ACTAT","INSC",2
"ACTCC","REREP2Y",2
"AG","EHBP1",2
"AG","LOC107984402",2
"AGAT","ARAP2",2
"AGAT","MGAT5",2
"AGC","DTX2P1-UPK3BP1-PMS2P11",2
"AGC","FAM157C",2
"AGC","GLS",2
"AGCGGC","LOC100287072",2
"AGG","ALG10",2
"AGG","M1AP",2
"ATCC","GRAMD4",2
"ATCCC","LOC105372571",2
"C","PPP1R15B",2
"CCCCG","PRKCD",2
"A","AARS1",1
"A","ABCA8",1
"A","ABCB1",1
"A","ACAD10",1
"A","ACTN2",1
"A","ADAMTS5",1
"A","ADGRL3",1
"A","ADGRL3-AS1",1
"A","ADNP",1
"A","ADORA1",1
"A","AFAP1",1
"A","AFTPH",1
"A","AKIRIN1",1
"A","ALG10",1
"A","ALOX12P2",1
"A","ANGEL1",1
"A","ANGPT1",1
"A","ANK2",1
"A","ANKRD17-DT",1
"A","ANKRD30B",1
"A","ANKRD7",1
"A","ANKS1B",1
"A","ANXA2P3",1
"A","APLF",1
"A","APOOL",1
"A","APTR",1
"A","ARAP1",1
"A","ARHGAP6",1
"A","ARID3B",1
"A","ARID4B",1
"A","ARIH1",1
"A","ARL6IP6",1
"A","ASAP2",1
"A","ATP2C1",1
"A","ATRN",1
"A","ATXN7L1",1
"A","BANK1",1
"A","BCAS3",1
"A","BCHE",1
"A","BCL2L13",1
"A","BEGAIN",1
"A","BICRAL",1
"A","BIRC6",1
"A","BMPR1B-DT",1
"A","BTBD3",1
"A","C12orf42",1
"A","C19orf53",1
"A","C1orf112",1
"A","C1QTNF7-AS1",1
"A","CABS1",1
"A","CACNB2",1
"A","CADM1",1
"A","CAPZA2",1
"A","CAPZA3",1
"A","CASC6",1
"A","CASK",1
"A","CBFB",1
"A","CCBE1",1
"A","CCDC172",1
"A","CCDC6",1
"A","CD36",1
"A","CDC123",1
"A","CDC42SE2",1
"A","CDH10",1
"A","CDH12",1
"A","CDH18",1
"A","CDH2",1
"A","CDH23",1
"A","CDH26",1
"A","CDH6",1
"A","CDH8",1
"A","CDH9",1
"A","CEP85L",1
"A","CFAP47",1
"A","CFAP61",1
"A","CHD6",1
"A","CHN2",1
"A","CHST11",1
"A","CHST15",1
"A","CLASP2",1
"A","CLCN1",1
"A","CLCN5",1
"A","CLNK",1
"A","CLSTN2",1
"A","CMAHP",1
"A","CNGB1",1
"A","CNTNAP5",1
"A","CNTNAP5-DT",1
"A","COG3",1
"A","COL11A1",1
"A","COPA",1
"A","CREBBP",1
"A","CST13P",1
"A","CTB-30L5.1",1
"A","CYP7B1",1
"A","DAPK1",1
"A","DAPK2",1
"A","DBX2",1
"A","DCBLD2",1
"A","DHRS2",1
"A","DIRC3-AS1",1
"A","DIS3L-AS1",1
"A","DLG2",1
"A","DNAAF9",1
"A","DNAJC1",1
"A","DNMBP",1
"A","DONSON",1
"A","DPF3",1
"A","DPP10",1
"A","DPT",1
"A","DUSP9",1
"A","EDNRA",1
"A","EFCAB14",1
"A","ELAVL2",1
"A","ELOA",1
"A","ELOVL5",1
"A","EML4",1
"A","ENOX1",1
"A","EPB41L4A",1
"A","EPHA5-AS1",1
"A","EPHX3",1
"A","EPRS1",1
"A","ERBIN",1
"A","ERN1",1
"A","ERO1B",1
"A","ESRRG",1
"A","ETV1",1
"A","FAAH2",1
"A","FAF1",1
"A","FAM222B",1
"A","FAM27E3",1
"A","FAM47B",1
"A","FAM50B",1
"A","FAM86C1P",1
"A","FAM90A10",1
"A","FANK1",1
"A","FCHSD2",1
"A","FEZ1",1
"A","FGD4",1
"A","FKBP5",1
"A","FLNA",1
"A","FMR1",1
"A","FOXG1-AS1",1
"A","FOXN3",1
"A","FOXP1",1
"A","FRMD5",1
"A","FSTL5",1
"A","FUNDC2P2",1
"A","GABRG1",1
"A","GATA3",1
"A","GCC2",1
"A","GHET1",1
"A","GIMAP4",1
"A","GJB2",1
"A","GLI3",1
"A","GOLM1",1
"A","GPN3",1
"A","GPR161",1
"A","GRB14",1
"A","GRIK2",1
"A","GRIN2A",1
"A","GRIN2B",1
"A","GRM3",1
"A","GRM8",1
"A","GRXCR1",1
"A","GYG1",1
"A","GZMA",1
"A","H1-7",1
"A","HACD2",1
"A","HAS2-AS1",1
"A","HDGFL3",1
"A","HEATR5B",1
"A","HIVEP1",1
"A","HLTF",1
"A","HMBOX1",1
"A","HNRNPKP3",1
"A","HORMAD2-AS1",1
"A","HPGDS",1
"A","HS6ST3",1
"A","HSD17B6",1
"A","HTR1A",1
"A","IDO1",1
"A","IER5L-AS1",1
"A","IGSF21",1
"A","IL1RAPL1",1
"A","IL26",1
"A","INTS4P1",1
"A","INTS4P2",1
"A","IPCEF1",1
"A","IPO5",1
"A","IPO5P1",1
"A","ITFG2-AS1",1
"A","KANK1",1
"A","KAT2B",1
"A","KBTBD8",1
"A","KCNC2",1
"A","KCNH1",1
"A","KCNK10",1
"A","KCNK2",1
"A","KCNK9",1
"A","KCNT2",1
"A","KCNU1",1
"A","KCTD8",1
"A","KDR",1
"A","KIAA0232",1
"A","KIF5B",1
"A","KLF12",1
"A","KLHL1",1
"A","KLHL8",1
"A","KPNA6",1
"A","LARP1",1
"A","LCOR",1
"A","LDB1",1
"A","LDLRAD4",1
"A","LIMA1",1
"A","LINC00326",1
"A","LINC00343",1
"A","LINC00355",1
"A","LINC00379",1
"A","LINC00408",1
"A","LINC00504",1
"A","LINC00515",1
"A","LINC00561",1
"A","LINC00607",1
"A","LINC00639",1
"A","LINC00648",1
"A","LINC00693",1
"A","LINC00702",1
"A","LINC00707",1
"A","LINC00871",1
"A","LINC00877",1
"A","LINC00971",1
"A","LINC01048",1
"A","LINC01192",1
"A","LINC01242",1
"A","LINC01283",1
"A","LINC01287",1
"A","LINC01309",1
"A","LINC01360",1
"A","LINC01435",1
"A","LINC01445",1
"A","LINC01549",1
"A","LINC01589",1
"A","LINC01592",1
"A","LINC01608",1
"A","LINC01639",1
"A","LINC01684",1
"A","LINC01748",1
"A","LINC01854",1
"A","LINC01885",1
"A","LINC01916",1
"A","LINC01938",1
"A","LINC01946",1
"A","LINC02064",1
"A","LINC02130",1
"A","LINC02174",1
"A","LINC02200",1
"A","LINC02211",1
"A","LINC02227",1
"A","LINC02228",1
"A","LINC02232",1
"A","LINC02233",1
"A","LINC02241",1
"A","LINC02302",1
"A","LINC02309",1
"A","LINC02494",1
"A","LINC02534",1
"A","LINC02541",1
"A","LINC02552",1
"A","LINC02612",1
"A","LINC02627",1
"A","LINC02702",1
"A","LINC02737",1
"A","LINC02899",1
"A","LLGL1",1
"A","LMAN1",1
"A","LMO7",1
"A","LOC100129138",1
"A","LOC100505498",1
"A","LOC101927145",1
"A","LOC101927770",1
"A","LOC101927967",1
"A","LOC101928046",1
"A","LOC101928047",1
"A","LOC101928236",1
"A","LOC101928359",1
"A","LOC101929431",1
"A","LOC102723596",1
"A","LOC102723684",1
"A","LOC102724421",1
"A","LOC105369746",1
"A","LOC105369793",1
"A","LOC105369896",1
"A","LOC105371281",1
"A","LOC105372049",1
"A","LOC105372072",1
"A","LOC105372224",1
"A","LOC105372669",1
"A","LOC105373186",1
"A","LOC105373595",1
"A","LOC105373608",1
"A","LOC105373686",1
"A","LOC105373713",1
"A","LOC105373775",1
"A","LOC105374428",1
"A","LOC105374528",1
"A","LOC105374558",1
"A","LOC105374875",1
"A","LOC105375148",1
"A","LOC105375483",1
"A","LOC105375523",1
"A","LOC105375826",1
"A","LOC105375859",1
"A","LOC105375875",1
"A","LOC105375911",1
"A","LOC105376158",1
"A","LOC105376314",1
"A","LOC105376626",1
"A","LOC105376987",1
"A","LOC105377253",1
"A","LOC105377294",1
"A","LOC105377590",1
"A","LOC105377644",1
"A","LOC105378237",1
"A","LOC105378787",1
"A","LOC105379365",1
"A","LOC107984024",1
"A","LOC107984897",1
"A","LOC107986067",1
"A","LOC107986138",1
"A","LOC107986306",1
"A","LOC107986575",1
"A","LOC112268044",1
"A","LOC112268286",1
"A","LOC112268449",1
"A","LRCH3",1
"A","LRIG3-DT",1
"A","LRRIQ3",1
"A","LSAMP",1
"A","LUC7L3",1
"A","LYPD4",1
"A","MACF1",1
"A","MAFB",1
"A","MAGEB17",1
"A","MAGI1",1
"A","MALRD1",1
"A","MAML3",1
"A","MAMLD1",1
"A","MAP2",1
"A","MBD2",1
"A","MBIP",1
"A","MED12L",1
"A","MEI4",1
"A","MEIS2",1
"A","MFSD4B",1
"A","MGAT4C",1
"A","MGAT4D",1
"A","MGAT5",1
"A","MGC27382",1
"A","MGC32805",1
"A","MGRN1",1
"A","MIR1471",1
"A","MIR3144",1
"A","MIR3156-3",1
"A","MIR31HG",1
"A","MIR3974",1
"A","MIR4444-2",1
"A","MIR4477B",1
"A","MIR4734",1
"A","MIR548AD",1
"A","MIR646HG",1
"A","MIR99AHG",1
"A","MMP16",1
"A","MRPS23",1
"A","MSH6",1
"A","MSRB3-AS1",1
"A","MT1E",1
"A","MTDH",1
"A","MTMR2",1
"A","MYH13",1
"A","MYO5C",1
"A","MYOSLID",1
"A","MYOSLID-AS1",1
"A","NAALADL2",1
"A","NAMPT",1
"A","NBPF11",1
"A","NCAPH",1
"A","NCKAP5",1
"A","NCOA1",1
"A","NDN",1
"A","NDRG4",1
"A","NDUFA10",1
"A","NEBL",1
"A","NELL1",1
"A","NKX2-2",1
"A","NMT2",1
"A","NOL10",1
"A","NOL4",1
"A","NPM2",1
"A","NRN1",1
"A","NRXN3",1
"A","NTM",1
"A","NUDT3",1
"A","NUP85",1
"A","OAZ2",1
"A","OR2T34",1
"A","OR5K1",1
"A","OXGR1",1
"A","OXR1",1
"A","PAH",1
"A","PANK3",1
"A","PARP16",1
"A","PCDH7",1
"A","PCDHGA1",1
"A","PCNX4",1
"A","PCSK5",1
"A","PDC-AS1",1
"A","PDE6C",1
"A","PDK1",1
"A","PDZD8",1
"A","PEAK1",1
"A","PEBP4",1
"A","PHF8",1
"A","PI4KA",1
"A","PITPNB",1
"A","PKD1L3",1
"A","PLA2G6",1
"A","PLAC8",1
"A","PLCE1",1
"A","PLCXD3",1
"A","PLEK",1
"A","PLIN2",1
"A","PLPP3",1
"A","PLXDC2",1
"A","POM121L1P",1
"A","PPHLN1",1
"A","PPP1R12B",1
"A","PRDM2",1
"A","PRKAR2A",1
"A","PRKD1",1
"A","PRPF4B",1
"A","PRR20E",1
"A","PRR32",1
"A","PRR5-ARHGAP8",1
"A","PSAT1",1
"A","PSPC1",1
"A","PTCSC2",1
"A","PTPRG",1
"A","PTPRR",1
"A","PURPL",1
"A","RAD51B",1
"A","RANBP3",1
"A","RAP1GDS1",1
"A","RAPH1",1
"A","RASSF6",1
"A","RBBP4",1
"A","RBM17",1
"A","RBM33",1
"A","RBPMS2",1
"A","RERE",1
"A","REV1",1
"A","RGPD6",1
"A","RIT2",1
"A","RNF114",1
"A","ROBO2",1
"A","ROCK2",1
"A","RP1",1
"A","RPE65",1
"A","RPS6KA5",1
"A","RRM2",1
"A","RSPO2",1
"A","RWDD4",1
"A","RYK",1
"A","SAMD5",1
"A","SANBR",1
"A","SCAPER",1
"A","SCLT1",1
"A","SCYL3",1
"A","SELENOK",1
"A","SETD2",1
"A","SFXN1",1
"A","SGCZ",1
"A","SKAP2",1
"A","SLC25A13",1
"A","SLC25A37",1
"A","SLC35D2",1
"A","SLC35F3",1
"A","SLC7A5P2",1
"A","SLC8A1",1
"A","SLCO1B3",1
"A","SLITRK1",1
"A","SMG1",1
"A","SNRPC",1
"A","SNRPN",1
"A","SNX27",1
"A","SNX4",1
"A","SORBS2",1
"A","SOX5",1
"A","SOX6",1
"A","SPAG16",1
"A","SPANXN3",1
"A","SPG11",1
"A","SPP2",1
"A","SRGAP2B",1
"A","SRGN",1
"A","SRPK2",1
"A","SSX2",1
"A","ST3GAL1",1
"A","STAT6",1
"A","STK10",1
"A","STXBP5",1
"A","SUCNR1",1
"A","SULF1",1
"A","SULT1C4",1
"A","SUPT3H",1
"A","SV2C",1
"A","SVEP1",1
"A","SVOPL",1
"A","SYT9",1
"A","TAF1",1
"A","TAFA2",1
"A","TANC1",1
"A","TAX1BP1",1
"A","TBX15",1
"A","TCF4",1
"A","TDRD5",1
"A","THADA",1
"A","THEGL",1
"A","THORLNC",1
"A","THRAP3",1
"A","TIAM1",1
"A","TIAM2",1
"A","TLE1-DT",1
"A","TLN2",1
"A","TMEM108",1
"A","TMEM132C",1
"A","TMEM161B",1
"A","TNFAIP3",1
"A","TRIP12",1
"A","TRPS1",1
"A","TSC22D3",1
"A","TTC3",1
"A","TTC37",1
"A","TTC6",1
"A","TTPA",1
"A","TTTY3B",1
"A","TULP4",1
"A","TUSC3",1
"A","UBE2H",1
"A","UBE2NL",1
"A","UNC5D",1
"A","USP37",1
"A","VAPA",1
"A","VGLL4",1
"A","VIPR2",1
"A","VPREB1",1
"A","WDFY3",1
"A","WDFY4",1
"A","WDR17",1
"A","WDR27",1
"A","WDR82",1
"A","WLS",1
"A","XNDC1N-ZNF705EP-ALG1L9P",1
"A","XPO7",1
"A","YBX1",1
"A","YEATS2",1
"A","YWHAZ",1
"A","YY1",1
"A","ZEB1",1
"A","ZFHX3",1
"A","ZFPM2-AS1",1
"A","ZNF131",1
"A","ZNF268",1
"A","ZNF385B",1
"A","ZNF479",1
"A","ZNF536",1
"A","ZYG11B",1
"AAAAC","CHD5",1
"AAAAC","FBXO28",1
"AAAAC","IER5L-AS1",1
"AAAAC","LINC01234",1
"AAAAC","LOC105374557",1
"AAAAC","MAST4",1
"AAAAC","MCM6",1
"AAAAC","PRKCB",1
"AAAAC","SNHG5",1
"AAAAC","YPEL2",1
"AAAAG","ARHGEF4",1
"AAAAG","C4BPA",1
"AAAAG","DEPTOR",1
"AAAAG","DGUOK",1
"AAAAG","DST",1
"AAAAG","FOXP2",1
"AAAAG","HDAC11-AS1",1
"AAAAG","LIPG",1
"AAAAG","LOC105375278",1
"AAAAG","METAP1",1
"AAAAG","PZP",1
"AAAAG","RGPD5",1
"AAAAG","SHANK1",1
"AAAAG","SMNDC1",1
"AAAAG","TMPRSS13",1
"AAAAG","TPK1",1
"AAAAT","EIF4E",1
"AAAAT","ENAH",1
"AAAAT","GALNT17",1
"AAAAT","HOMEZ",1
"AAAAT","KATNA1",1
"AAAAT","LINC00327",1
"AAAAT","LINC00402",1
"AAAAT","LINC01065",1
"AAAAT","LOC102723364",1
"AAAAT","LOC105375875",1
"AAAAT","LOC105377885",1
"AAAAT","LOC107986121",1
"AAAAT","NFE2L2",1
"AAAAT","RNFT2",1
"AAAAT","SNTG1",1
"AAAG","AQP4-AS1",1
"AAAG","ARPP21",1
"AAAG","CDK12",1
"AAAG","CELF1",1
"AAAG","DDX60",1
"AAAG","DNAJC8",1
"AAAG","GRM7",1
"AAAG","IGF2R",1
"AAAG","LILRB3",1
"AAAG","LINC01907",1
"AAAG","LINC02885",1
"AAAG","LINC02934",1
"AAAG","LOC105371795",1
"AAAG","MCCC1",1
"AAAG","MIR4527HG",1
"AAAG","OSTF1",1
"AAAG","PNPLA1",1
"AAAG","PTPN18",1
"AAAG","SDHAF3",1
"AAAG","SGSM1",1
"AAAG","SLCO2B1",1
"AAAG","TCF3",1
"AAAGG","LOC105375448",1
"AAAGG","SLCO5A1",1
"AAAGG","TCP10L3",1
"AAAT","CCDC102B",1
"AAAT","CCDC144NL",1
"AAAT","HAS2-AS1",1
"AAAT","LINC02612",1
"AAAT","SLC1A3",1
"AACAAT","LOC105377295",1
"AACAG","COL25A1",1
"AACAT","LOC440982",1
"AACAT","NIPA2",1
"AACAT","TNRC6A",1
"AAG","ASPRV1",1
"AAG","CCDC200",1
"AAG","CPED1",1
"AAG","EYS",1
"AAG","KIF5B",1
"AAG","LINC02307",1
"AAG","LOC105371347",1
"AAG","MIR5007",1
"AAG","MTERF3",1
"AAG","NTM",1
"AAG","PDGFC",1
"AAG","SPSB1",1
"AAG","ST6GAL2",1
"AAG","THEM4",1
"AAG","TRIM25",1
"AAG","ZNRF3",1
"AAGAG","LOC101927967",1
"AAGAT","LINC02214",1
"AAGG","PKHD1",1
"AAGGAG","TNFRSF1B",1
"AAGGC","TAB3",1
"AAGGG","DHX8",1
"AAGGGG","LOC105375623",1
"AAGGGG","MRPS30",1
"AAT","CACHD1",1
"AAT","EXTL1",1
"AAT","LINC02226",1
"AAT","LINC02513",1
"AAT","LINC02851",1
"AAT","PALD1",1
"AATAG","LOC100420587",1
"AATAG","SHROOM2",1
"AATAT","IRS4-AS1",1
"AATAT","LOC105369250",1
"AATAT","PDE4B",1
"AATG","NELL1",1
"AATG","WDR61",1
"AC","COL5A2",1
"AC","FCHSD2",1
"AC","GLYR1",1
"AC","ITFG2-AS1",1
"AC","LINC01249",1
"AC","LINC02012",1
"AC","LINC02262",1
"AC","PPP5C",1
"AC","SPRY3",1
"ACACAG","IL1R2",1
"ACACAT","GABRG2",1
"ACACAT","ZFP64",1
"ACAT","LINC01701",1
"ACAT","PPP2R5E",1
"ACAT","SLC36A4",1
"ACAT","TRPM7",1
"ACATAT","CDKN3",1
"ACATAT","FAM172A",1
"ACATAT","GABRB1",1
"ACATAT","MFSD6",1
"ACATAT","TMEM45A",1
"ACC","LINC01756",1
"ACC","LY86-AS1",1
"ACC","MPPED1",1
"ACCC","LOC107984898",1
"ACCCCT","PARD6G",1
"ACCTGC","GPR137B",1
"ACGGG","GPBP1",1
"ACTAT","LRRC4C",1
"ACTAT","MIR548AD",1
"ACTC","PTPRD-DT",1
"AG","ABCC3",1
"AG","CDH8",1
"AG","FAM149A",1
"AG","GIMAP5",1
"AG","KIAA1671",1
"AG","LINC02305",1
"AG","LINC02423",1
"AG","LOC105377412",1
"AG","LOC107984325",1
"AG","LRP1B",1
"AG","PXDN",1
"AG","TRERF1",1
"AGAGAT","ERC1",1
"AGAGG","ZNF92",1
"AGAGGG","LINC02704",1
"AGAGGG","SCGB2A2",1
"AGAT","ADARB2",1
"AGAT","LINC02032",1
"AGAT","LINC02315",1
"AGAT","LOC101928923",1
"AGAT","LOC105375931",1
"AGAT","LOC105377509",1
"AGAT","LOC107986306",1
"AGAT","PLD5",1
"AGATAT","CAPRIN2",1
"AGATAT","LOC107987097",1
"AGATAT","PTGDR",1
"AGATAT","THNSL1",1
"AGC","ATXN7",1
"AGC","FDPSP2",1
"AGC","LINC01645",1
"AGC","LOC107987065",1
"AGC","PPP2R2B",1
"AGCTC","LINC02177",1
"AGG","ARHGEF18",1
"AGGAT","PCAT5",1
"AGGC","FAM241A",1
"AGGC","KLHL30",1
"AGGC","LEXM",1
"AGGC","LINC02477",1
"AGGG","LINC02496",1
"AGGG","LOC105371750",1
"AGGG","MIR4634",1
"AGGG","OR4K14",1
"AGGG","PXDN",1
"AGGG","SORCS2",1
"AGGGGC","LOC643201",1
"ATATC","RTCA",1
"ATCC","TRPV3",1
"C","KRCC1",1
"C","RNF38",1
"CCCCCG","TRAPPC8",1
